temperatura,precipitacion,humedad,presion,viento,bloqueo
20.483570765056164,13.167456935454494,67.92603548243223,998.8811988195308,0.847981459573026,0
19.59451092344692,0.5983876860868067,74.18561938300206,1020.1051528480652,6.156250308522951,0
15.652628070325239,2.0067898874966335,78.13840065378947,1004.2861983424585,3.7196391543042724,0
13.379585811264477,5.655370667803367,82.24667621426991,994.7612400238414,0.7511726436366933,0
13.459879622393945,6.08934687859775,48.81544447997062,1003.7052503907574,3.6101457751656385,0
20.98860233456304,8.975047213097605,71.8332874783402,1004.8456433790755,0.9348062598870821,0
14.996806550405974,11.527507630986618,65.62459375310085,999.784478053244,3.4177361406707507,0
17.191223068012395,0.34993721443479087,66.55824319252065,1013.8934891325613,5.431278992824902,0
19.044317975023777,7.912237979817975,40.60494814180336,1012.1863831605386,12.747176896347025,0
22.408805194743053,0.9265545895311562,54.86371985702338,994.1670578646311,1.5828022160441284,0
15.696806145201062,3.298028401342492,85.85683339328374,998.6944769531843,8.102417978873657,0
18.67214441314011,0.7747586881130901,78.73184192069559,1018.8774845959335,6.528314543939995,0
13.803912383886807,19.885295716582227,65.36181436223178,994.9184671045251,0.32834032902391447,0
23.4982348789241,3.7248835041035373,87.69574517051052,1001.0179206054432,5.0744467946300995,0
17.63994939209833,1.273723936155019,85.05299346838036,1019.7296353375579,4.119437474429144,0
21.97797731947971,14.738899667213644,120.5844438044001,1000.7960919493263,2.789070969542137,0
18.435235341190857,3.7739670879509983,65.51488974301199,1019.0353249062584,1.4336941149164917,0
18.09500165531075,5.282819748826726,58.161125069531195,1017.4371128377122,0.40052139275088183,0
13.957531985534061,26.549500858806248,62.47364434623195,1015.0144833152481,10.257598652604065,0
23.79093326466014,16.279689407405563,90.57793200324664,1011.7555329395483,11.321213246431157,0
14.489734530613237,2.5868674613938136,65.08506780103347,1022.7373362013956,9.856724859399167,0
16.5402366458719,0.06976409181650647,30.17235928654795,1013.4551794388876,1.2558366913791223,0
16.286427417366152,28.631211226911496,57.96584096167572,1012.1493883009475,6.070434884404275,0
7.888425334021324,4.519744989669624,69.7217379323254,993.2649537800978,1.7896523003952338,0
18.301151049705133,0.5285108738039248,106.94863168727929,1014.7775409943353,1.3693027607103851,0
16.704856776305547,1.5653086098546976,75.09731446279966,1009.9261985005543,1.3857240677986309,0
23.714114072575104,2.713331723358058,81.27899549030161,1001.9817215665031,5.002518738658857,0
24.92007859466339,10.038378271376383,56.79038772205346,1010.7689494858457,9.018223971231485,0
13.047318374346558,0.416297597943452,61.50553405595842,1027.0660495367847,0.0836347377923531,0
22.367947078176897,7.176305845494884,79.73630098943659,997.7712646332469,0.9580211126956688,0
13.402878828830985,27.60343817804307,93.24901607526309,1006.1173560102338,0.6022214251849821,0
13.572438130855756,25.861903971507235,64.64882461347709,1015.5612179853397,5.393813695219572,0
19.137299673020646,7.54279410193946,89.60714131423643,1006.7550904217111,11.375616125972615,0
16.970666414522476,23.06774427648427,48.39937828474303,1021.9072725611364,2.1478380790582197,0
20.60970782808449,21.811325693966133,74.45477009849779,1016.1764084551114,0.43945863098042026,0
24.08535398490055,1.7629421468341149,73.39432404248312,1018.4740143257663,0.04619802805497204,0
19.465362366493405,0.050744370517970025,59.28472872960448,1011.7483301199147,5.8865764332740635,0
11.915725538203805,10.554414821352488,81.01751597320069,1000.4550273803858,1.3541187952640297,0
23.79297789503702,10.48773814302768,57.68976522472434,1014.2448624405645,4.200221527936287,0
22.702677924810047,0.9835706144841049,49.45193414925555,1002.2821925050674,1.3985010183121063,0
17.614491452929478,22.26055211248523,75.11727962224965,1022.0938197068664,3.492176621943852,0
20.689800018459977,8.60155902641585,48.90392099227677,1009.6547034390519,6.408809015329019,0
12.645537509694439,28.21083147273303,77.23708622864778,1008.7586761111834,17.00421008061028,0
21.701704089738694,33.137354761302056,63.21306651482996,1017.7704979490361,2.431459660493468,1
15.767425239664895,1.857186162957548,82.84598191485209,1017.1010924036395,5.954127988789686,0
18.462394357755485,8.441123364356555,73.46430584417699,1001.9106310860964,23.052848739231585,1
18.29104359223,20.986086379007943,52.85544553254066,1018.7244715766045,6.06143778112245,0
23.33099272048869,4.454923423149491,83.57682939934838,1003.9609562751547,8.306640995435144,0
20.575238431530238,16.009499323084874,127.79097235982081,1023.3088132797209,7.943097374771025,0
22.94101305252056,22.07323476346767,52.71151942509977,994.9923160679283,0.4934801959368028,0
15.573182260854482,6.266069481821096,71.22811209079484,992.1150349501951,4.468162650730877,0
19.78652270968317,0.30975062101474543,56.603195895561655,1006.6518275260527,3.693267941395078,0
14.423481453700159,9.752196186564928,80.19396623402014,1033.8903595739246,5.072687241023079,0
27.217068791602664,12.949605629166843,70.22714917389797,1014.4207401686673,1.950098570529894,0
14.69106767615806,5.779834312733013,82.78650002194335,1002.2818092224325,0.9515326807105438,0
26.306508653040773,1.7012074157285415,74.76650548655678,993.8777269282548,6.2692464388838784,0
11.695580228324774,30.981034985563063,83.76792920582164,1013.772962654604,4.7301523601871756,1
26.25675493239745,5.440378655320513,59.0388789515552,997.2008026673687,7.090909238783566,0
20.219097140731144,6.427845944128924,81.61951080144006,1009.8055785910045,3.207251660471856,0
13.337041717194595,1.90194712800225,40.075576426635266,996.9980715840657,4.783612164565673,0
15.79977756651508,4.693840046550616,71.96110865929137,1010.5850890230685,9.706747265877194,0
29.739984642251613,10.749747640549979,66.96313711252674,1010.6089660711716,4.406736889036454,0
18.56758672625624,4.913006922239073,79.9319601178157,1003.8486632222867,3.944071802881601,0
28.55658820808126,28.38127146232999,76.58990710155152,1008.9150211143649,11.787880918849595,0
19.404959338675162,0.7384962694642703,60.659507202691096,1018.8499046718666,0.11773501590355755,0
15.677351256775161,16.845305061859584,60.66644252640582,1006.4451135908364,5.9657770421995675,0
22.497999377166252,13.282935787644004,74.60949281314915,1003.7029914273488,0.9766664802022349,0
22.383773249761628,13.887563960054248,43.18492582102327,997.7942989571815,7.489772516717935,0
20.735486905850188,19.548391571662492,66.9671102134916,1025.5285977583933,7.023164934275085,0
15.802410622628614,1.0883751880671801,70.18219763609838,1019.3093408397408,8.75666278761665,0
21.40976485647482,4.929884540601712,65.34599865109816,1007.2895953771146,14.984861915941428,0
14.93452658545811,30.079495401039896,98.68476459759955,1020.6522708254691,2.975073318114288,1
12.96991309250149,11.163235799285063,51.787170808184015,1017.7067832952312,7.794155159243709,0
21.335280517348956,0.9563694654031945,59.51280132862124,1009.911829537542,3.9873065784769643,0
22.875598667088756,4.321916194678851,67.79413927746792,1016.1384134147543,0.5330435612269272,0
24.78940394049994,0.8785552166860509,63.5004488964616,1012.0382272752747,8.625929269042906,0
15.644808471908386,0.8865386777780669,73.48074906036454,1021.5435433840893,14.710822689816219,0
15.613091347123396,42.68773939601984,60.03658835043366,1023.6011136624817,0.4359699684897863,1
19.554537827990025,5.520331253049737,92.13034325424329,1006.976757579237,3.1617718479146313,0
17.977185855048518,0.5795043106592578,89.06707338971373,1017.7086310146404,4.377768886014342,0
17.456199257715713,3.364691574205587,76.02567583148412,1006.5679876336883,16.514350531259552,0
20.288382272144194,0.12228944358969307,71.04478996778319,1019.8350430635846,24.784143039630166,1
18.48838049274416,34.83575221256005,58.404853242168,1032.7576129756721,5.949506190583871,1
20.031133425249642,6.061277556769509,88.00617322620097,1028.1608779024382,11.571163847413237,0
28.94901466608836,3.2487341989513014,57.87552571967273,1008.422760417459,2.179767673083667,0
11.224710222410339,8.76243706006643,41.30940224403672,1013.624764588053,8.404535837439983,0
13.50792664325821,24.183010919991276,77.37878757259759,1017.4196301652946,2.7085125329655666,0
25.383293127148143,26.99018361547118,68.8958332631214,1007.1777881101278,8.31823861498043,0
9.434327354545612,35.03708554375962,90.3080856124812,1012.756351578874,3.162077855698868,1
19.393615174853306,5.35834936327349,68.37057003866717,1009.4451504170232,10.00213070001655,0
18.026218498590914,14.652830902062608,70.70470890647113,1006.8697629178356,0.6914817215654433,0
10.004382637312588,30.802237864417087,49.47114826687214,1015.354918099752,5.569147695866251,1
10.329429146321889,1.2053912139846927,89.16515232847763,1012.4233368608311,7.399035404802575,0
28.23699460565119,7.343098604235151,72.54959354360962,1021.5324518642846,4.115572904900736,0
16.75517925760463,1.4388795539029895,84.57356426431534,1024.8904517388448,1.1974074674672173,0
22.389125842400567,1.4661255122827865,44.03690344351649,1024.4433879198182,2.876597814142156,0
16.652965827777212,7.215250280723211,80.76313383693943,1005.1328550395725,4.865452376765427,0
24.672228204320678,19.831406436843068,69.77922612047595,1017.9640542969632,1.4936772717569788,0
19.920327244696537,6.784912926673598,69.5095787785886,1021.2267768479802,1.3731423385780148,0
10.794021197520006,0.7889530497623504,53.48122142729332,1014.8767327492329,2.120696578974026,0
17.68660451363414,11.012890836523805,84.32713480751858,1005.5331652930934,0.20863606358782652,0
15.621643260156988,1.8504734406558088,57.76751390067267,1004.4097450676614,0.46442953930183783,0
17.464848200227213,2.310922063450966,54.47136516370939,1010.574740030243,5.862287170062711,0
6.585987549796011,0.40105730100015424,77.71883486035809,1022.0463507257582,0.4264771518816713,0
17.43835975154585,16.409351832266424,66.68545600700166,1002.6358782774236,1.1744951559076662,0
20.89752200774927,4.6278511002436975,105.61212615100894,1006.8927573538281,2.301562815001756,0
26.224838567506417,0.37372952321478464,66.26445940665432,1018.5140209237883,11.278833771653067,0
13.060320771017293,7.167791122084008,55.415971784138925,1010.7948245181753,2.9657162304177542,0
9.967768398712138,3.1367461187854384,73.05195453800835,1008.130948774396,1.9436238062806788,0
17.76104561313231,2.3755693562362987,58.40162544320766,1006.4921075482713,11.060399499715123,0
26.435708175362823,15.567090323777911,83.22459635424175,1001.2602588051491,3.851291816474113,0
17.983520398363233,8.839230578713735,63.39243161689713,1025.8203818296379,0.6824233336465612,0
13.621908733076214,10.382246116218617,49.25800403553496,990.8622241973164,21.53097886084906,1
22.706422890302377,9.308330084672093,64.57865740859535,1007.6150663261594,0.8294414629491293,0
14.746787154390866,2.064917454545804,62.69311924352956,1001.7141622898126,11.353757246779576,0
15.27415400334078,0.8363571259200016,32.45860717506677,1016.8464220155516,20.1932108300796,1
16.80525976566795,34.89059664126715,56.386545069376034,1012.3732438475975,1.4913754176675231,1
19.367887015693142,1.8739953278648755,77.92474914445565,1012.0750348515913,4.068252109523711,0
9.652973594393142,14.674737584120885,78.15040288569902,1004.3544299673042,2.7707227503491527,0
12.98976638185633,7.084849626446985,63.120710845855015,1006.9328360067818,4.715998287146783,0
21.19296229388687,1.676647527706798,45.0771990659656,1037.8377742348905,0.26607325728560666,0
9.944971950223893,4.103836013804233,60.97046981655423,1017.6025109463536,5.720706755101758,0
20.649020889576413,6.378566440452717,91.6235293098685,992.297568116581,13.262780241103904,0
12.836854654828526,17.75607071141798,72.54593926585561,1010.8939391914565,0.9997790485039884,0
18.4329489373645,8.544271441986698,67.66484146911881,1008.801490806344,7.930250555159341,0
18.568647301064903,2.2517977306702295,65.2228223402449,1006.8094297893366,8.425516412820043,0
19.448874284482066,4.444614016780681,101.13101197968157,1007.2979668132247,8.480413314240348,0
22.738084688307048,5.782748811138804,59.853804692739416,987.6967009237411,1.7932263771532102,0
18.092091895947757,2.6424253099706525,95.14655968412924,1007.6082133396983,3.9214119108888172,0
22.115524878725033,23.694956087096266,56.72776087123023,1012.869412612243,14.053083419661046,0
10.607068771100792,1.499768206164258,87.15631064810394,1015.0937811633611,3.812069290245141,0
24.236635276158623,22.433033305364454,62.689074641182785,1014.0382055867931,1.8678127569790024,0
22.151679082721227,0.3410753985783793,57.15874261136699,1025.0977131245963,10.46833672192969,0
20.01017240023461,4.1867459354509275,89.30462445774391,1005.5536244175436,0.8121089496020808,0
21.78494308322676,12.730961719916946,56.167520137335615,1023.859033212911,3.912345505978191,0
23.04301474924418,2.9008369925940993,54.12421895729422,1004.8708562502859,11.954380696618259,0
9.106398755478606,6.199075063211633,92.44066467233775,1011.8053084180543,4.726721590015364,0
31.217857916992752,0.18276180406497233,96.73245427804119,1015.9027461906179,12.787346789228131,0
14.047627722773441,8.587021498525601,77.07202535703993,996.5855484220031,6.667451519416961,0
27.434140560621184,27.236768857624746,68.64658503915686,1017.8107326761645,0.6008935227589209,0
18.278624561443472,8.94713786829075,86.41287277706422,1004.1191317368545,2.0413244315037056,0
17.33299571054228,16.238079110661786,82.78369733545402,986.7926262602186,12.619627380765209,0
11.55019550129473,13.375089516655656,50.57381841904576,994.972349823694,3.0114117528807753,0
16.696324175540905,1.5181992193138705,69.90019818053143,996.8085495479805,2.714381081280035,0
16.84532734895661,8.68902383785272,80.44309547220128,999.8280782945461,16.22999136136213,0
20.583346543240616,1.6094690431018008,58.01334143762102,1008.3546434195031,28.840408075753796,1
30.866799016249303,0.6943205082825417,70.88827651021732,1002.1745629476552,11.416574284058152,0
21.371402343733877,2.2958882816083332,108.548902595355,998.9289554539998,0.3398347008957824,0
16.725113912895722,7.431576545925969,92.55989482874033,989.2162334508106,4.100817285689374,0
11.796799611562147,1.6870300676095549,74.34763396252701,1007.4517873162764,14.604558546323428,0
10.962441526410894,10.328232650944571,58.33274968613687,1006.38109028767,0.848918016497553,0
17.65205088543495,12.586832598530455,68.66168236609495,1010.2998363452716,1.254964869333525,0
21.608360320216175,0.19907381292139403,53.06422343174156,1010.9874577763734,0.9833885472589267,0
17.34827427006396,10.576990889205769,64.73977708181819,1007.7078394844641,1.3930975820572364,0
21.554799841017456,17.732509999755642,76.6639496722906,1026.4639724267997,1.146967051644904,0
12.964553178468694,3.4693358861251684,44.953312418973994,1027.6468693426273,11.159315104109137,0
15.386384897404803,3.0032625214727853,85.73513838755333,1023.1576650828216,1.5603085490763644,0
9.234464765308923,9.785622455470875,88.7004210479438,988.3012231295914,2.86462697545556,0
19.05508733601309,14.422545037326362,68.54930332194411,1019.7182269017273,8.043572269649502,0
17.845208746817132,5.537566192586073,102.3285930764961,1016.7225728441377,1.4912733996446945,0
18.854327190639708,41.60624163187234,67.24024995470981,997.1155262024267,1.5893823586446643,1
18.504087111270263,0.18561887410766006,45.55610521035509,1015.518636553095,4.039177577034926,0
23.14577818662822,2.3120252750453583,77.08896223619564,1026.2053344516587,5.468671147037563,0
25.852473176305693,1.9282202863855216,67.62847764894703,1018.0659324791369,2.4155539966393422,0
14.875907111521606,1.8186170504927233,70.3913657531625,1006.5198691370316,4.621011094925578,0
18.99279181448146,2.815000336004408,47.13977137409455,1002.0156095258295,2.1977423886142673,0
13.120633735113337,8.356435307057023,85.80462694911759,1030.8131465676515,13.809608237564845,0
16.47723180756371,13.189052712550428,79.11350296497038,994.8082001701382,0.2639763904988734,0
30.800422691343975,4.068318779381004,68.55910150413025,1006.4782701640041,0.39055252896123505,0
19.212602128062596,13.026474102163927,99.62541030446172,1009.5273534737099,2.8531199956442865,0
21.538759677277376,16.0652156396019,61.56299836158598,999.1221906473824,4.460804398617321,0
22.64741253672385,4.478099755798221,50.209781662938916,1007.7375478099133,3.903349230758683,0
19.900989255029817,16.427938260737573,79.15878617925735,1022.862686134046,9.458859940251397,0
23.31104925456856,2.8723951554012013,47.101722074533804,1009.4209509266221,21.977792087026646,1
20.148091095662927,1.9915282538785002,73.11531530744666,1018.1848473463854,0.17267761772105905,0
18.66923827123,11.954104568928853,76.69959597275628,1007.8672762403421,17.712349613111268,0
17.802224230716725,19.808107067353582,80.22251046058936,1005.3454981759595,8.827987706973266,0
22.432587062845272,0.37709795268909724,48.922601164533106,1015.0103334351735,0.6423888373582203,0
19.110668858168566,4.153260130685671,62.818770675047844,1007.389727467532,1.893801907088391,0
18.674923604098442,7.7542351440004955,60.241227376647146,1020.4354590928656,4.916045432010813,0
19.335251329346296,2.6521564296584947,83.34446193435156,1017.1339959020545,8.016862615115626,0
18.235086065618724,61.82194410847326,88.34756425887186,1003.1656820986988,2.5702450131147043,1
29.49449061809625,20.6891406403239,64.55742159340511,993.1817967486677,6.6890888798683275,0
9.207005000029262,2.728291200595943,65.49459267867057,1001.9521308333967,1.69304553208913,0
12.97929616623966,0.43004780937347326,58.483036523438074,990.6632169889244,5.691663243132235,0
11.963020841768127,2.4622525594093334,67.51415420280077,1001.7441515698254,10.564714800704266,0
17.752681451737836,9.503941725764365,80.12229238249905,1021.6710291438363,3.594258762962206,0
26.10554278893858,2.622350280519626,62.236995236376636,1004.0107560344067,1.031667317772751,0
14.813064363467412,0.5958300833276848,87.83524796661328,1006.2660073162343,7.099017377406353,0
12.132148964939374,11.907954024213375,75.15427884302827,1006.2344734897773,1.2708533362029315,0
19.0146151042565,8.98794524186919,47.26383827504152,1001.5988992141666,10.496624056457119,0
18.823489137185703,3.0870149766701553,78.15248654184013,1020.8360965390547,4.002073907849494,0
17.11526386252975,4.663120786306162,58.02554133192319,1018.8410083655918,3.424662419588268,0
13.246581042973364,0.8451944723555854,80.42141546269809,999.391732041659,0.3959242009745616,0
17.91788551963624,6.550551374355909,87.82589910172126,1022.0562807795284,2.137090669726076,0
19.715675255084367,11.33253897922851,45.40905598503916,1014.6254855264754,10.544557177201792,0
20.953274153461546,19.010057185416066,86.63055370874362,1014.0561759314038,9.070434253104661,0
21.575035069005704,11.955796643719838,85.12781237167873,1025.3168880124092,6.9861019581303205,0
17.164409598415727,4.081469825093086,72.20070529649985,1003.1045967891963,8.517837110792861,0
20.474777587807626,17.84590297012224,66.61429528646,1010.0341475117841,1.6916367135592756,0
18.955495340099517,9.991657490890635,70.69654822234223,1017.5330426907765,3.8824850338883565,0
11.248757940285874,15.134252301294655,73.99870820042405,1005.9862024266778,3.8964300953494475,0
17.523522338065238,10.01363697345023,74.18532288655508,1011.7554582989051,0.3512382514555415,0
20.04256174188713,3.580524164282398,64.55564081546939,1011.7463926936783,4.363408645474819,0
23.975233144624212,0.46821239277954846,47.15219642824338,1013.6710226678807,0.12447111141255657,0
15.370973063435216,0.22371947734473863,68.03442389501507,989.647597593745,7.357244612919284,0
15.224002366534009,3.19691162558407,98.21735604160885,997.7013062175919,7.919083503186542,0
17.111298392562972,11.831322380365739,86.82779784140273,1023.1054382469222,1.5959292433686985,0
21.251005889793305,5.442571426935501,68.51236204330925,997.7274021907914,1.6025086503344064,0
26.300684767241208,41.33770529131774,83.46832808140513,1007.9343283156867,1.3065290624194523,1
11.74230287904778,19.977380588267938,91.65646906109889,1015.0550181061149,1.026060891304192,0
17.85537557912565,20.296855047299104,80.61573311874432,1017.2254008029008,9.314663054072945,0
21.21361379933772,1.4069398592758247,89.93728795198646,1022.4920176748753,3.284291801348973,0
20.457022835097487,1.2477916417400803,75.62466907509564,1002.4260048310169,2.8132785996209515,0
17.799210246778284,0.6636305079345967,48.53837346822928,994.0859535250371,7.986536450159809,0
20.82350531268078,3.7158839718019383,65.84651740305432,1009.7461095361551,0.3760261115334893,0
15.738468403754617,9.163421034919134,33.64181010056565,1020.2352152246566,9.834937522015512,0
12.531855269683025,15.134506386975708,69.63734534352805,1004.2899528036043,0.5542677540477307,0
17.981987304547157,9.627424349612866,52.624529662111854,1015.2488877866396,0.04909447692281613,0
26.908125452126836,3.9520983599786015,56.85521998038728,1010.3766023316794,2.158739455418413,0
12.991899950525422,8.382674039181207,65.78349560671067,1019.8888273730902,1.116656871289236,0
21.116549033273017,1.8330113513507695,74.1326584352238,1002.0145468439382,6.1289746975579975,0
18.29815184960087,12.34640004061239,60.295948334416394,1013.9326315138368,8.090579362983629,0
21.40722540178643,4.146827491464336,71.71800049323195,1019.5014547099884,8.499488048327594,0
28.376304363126327,7.473978139587696,59.66218272865648,1006.3047838317777,0.3112501565950754,0
19.02274698045373,2.8382715753991636,54.52635629694763,1004.7070176245378,7.796065487971737,0
17.878227038695087,8.104982991156206,102.13405537917795,1000.667865923544,28.043156160238524,1
21.766628801886206,36.806399778900946,53.082591692480406,1015.6427738802673,5.700738976376844,1
16.713117312883274,20.270199251908405,44.97123889183616,1019.3287908432862,2.7712178970370696,0
22.365792743095746,4.245485326894826,46.57289707906793,1030.0173710253014,6.459607837444352,0
23.39340416715648,23.096284796203747,69.42237295748939,993.6704771945801,4.486735609704546,0
15.136157877257371,24.345559395235988,77.99289839220188,997.4619176620674,4.992390001127717,0
14.872186492452354,12.5816490912711,75.93705300156114,1013.2380012760594,3.3891047127677454,0
16.54255010503255,2.8399696999437047,67.64904402666211,1020.6240150987512,3.6161493455055904,0
23.743828501860516,1.7855729761763137,43.904293318328506,1013.7428005557731,1.492929402120031,0
17.565776114349042,10.692573845171028,86.6158067542255,1002.9192113380586,0.7013338980506838,0
17.76539710560408,2.692535434977202,77.15561240834683,989.0484247732002,8.827049420610788,0
19.270869461231012,5.636771906855924,79.73386315760493,996.0800366281198,6.134113034796725,0
16.256739327960705,0.37360728009482735,64.76113443522357,1018.4707900998503,3.2182708481764637,0
24.112504574434404,18.589924906761503,75.43983433376754,1022.987385039438,10.135053132645012,0
16.704789270896484,3.143678057281079,67.05475226372532,1010.4838511828581,13.791906027009833,0
14.562282743302044,0.4013841640938223,68.03626040845376,999.6504513546787,13.581043269379974,0
18.393175951580453,0.42461733001051694,40.026989732018386,1011.3934259362127,10.121672834882553,0
20.262674459106673,6.064922690920095,38.48621707822123,1039.3775284716778,5.496026185327917,0
23.540914083687582,2.2546305443661034,54.401411093117034,1012.7656915259493,2.9326891987858676,0
14.746432313274553,20.260316221935163,78.20823907085506,1000.8284019480396,9.104354307988228,0
18.752094525717883,6.875126126115396,75.47441503699338,1019.6296552911413,4.226945460345029,0
19.53810377725526,0.30858317733905194,72.96348985258572,1014.4922843491975,5.642987719397445,0
21.19365111014592,5.0065156489585885,52.854926309042746,1002.2837167758312,5.362461592329283,0
19.48314159838088,74.41722909704406,85.07713859917027,1007.4761995653555,7.625150284671463,1
26.068556345293235,21.079691009583396,76.8030145227097,993.1521460517954,5.506981585861535,0
13.331388736298887,16.494578429710735,80.82199410677612,1016.3539693221489,2.8598124837094323,0
17.249722064837368,7.86335628344283,71.88364680207313,997.2197741656362,5.944882510155721,0
9.781296422059711,4.919353427114065,46.709093982759434,1006.964640144228,2.336052002753381,0
26.210075800681846,9.662437301484182,85.1472563401395,987.5090427194406,9.951063609473774,0
14.585038348244385,7.320580548015936,63.186335872701065,1009.8006460475419,2.087039407053988,0
11.05213766618202,8.679110548652707,45.31901879564663,1033.2861900842156,7.238365643934406,0
21.625756996908706,16.765704014851647,66.20971467998554,1013.9208452970087,13.088845831118594,0
14.23017705566662,6.652825488994116,65.78987384699839,1001.2942738373824,1.835718935806393,0
13.078638123537482,16.246830199654234,41.318452583727094,1013.968386658488,4.712323804772562,0
13.051859317148313,5.336663339591022,84.11156781982324,1008.6573189664249,5.714668463130851,0
17.20388060951645,2.0020656148364724,97.6993975124571,1012.2228271745828,0.5651544176023522,0
10.035031332341653,32.94862971807926,76.60712106940599,1023.9741470306037,3.995056249968056,1
17.624279165949915,0.44383049279866127,77.07941999869914,1011.3921540864491,4.601642113769123,0
18.24430035162852,2.5887406583650026,70.60887536805824,1014.9963710112596,2.646887161667886,0
11.51812040368079,18.317149821689238,65.87015164741855,1017.5137598707595,1.3516380730422153,0
14.407963672154013,17.29428925519035,83.42386565416662,1028.1957304669866,0.5020600864556289,0
13.859030093671182,9.777920690653742,103.34043443702612,997.6217905591288,0.9196995746157897,0
21.168884404660492,2.4429032668853936,76.20698646177247,1022.2458443762614,3.9559770669178285,0
26.116982811495227,2.6389666294128884,91.89240405075282,993.1468906123806,3.4335085749595793,0
13.981627160151346,5.589653256517158,94.58675208166102,1019.7638395346211,23.69693403932185,1
23.52024568241677,1.374181241365831,74.54028023493979,1004.658516503119,4.318336252339902,0
16.104361295062564,0.8955087106390793,66.94629459846458,998.9922071716331,2.1924961740521036,0
14.443506876197311,0.7195136073162983,58.61439329187027,1010.334587709923,8.05611021079626,0
19.16892955895374,21.209228164897418,46.66156530694559,1014.626263353811,1.9602802124207304,0
28.58927974812945,4.049681012238468,80.42496851165312,1029.4654283751477,6.558727620964056,0
14.474940721207956,8.26214260143961,69.16346383513441,1000.0930761136229,3.8374971301322325,0
21.147067924433937,1.016744837023609,93.75197538076141,1006.9321960712863,2.1352688074272708,0
23.456550602971344,26.19734692704209,79.13707181360766,1004.660908986832,0.826826726612014,0
10.964279868925418,48.90654962048055,71.09495133960036,1017.8007817971659,9.226854960309858,1
29.596647699908473,0.933489795430218,75.89976759091557,1004.7253067638615,8.745443674676697,0
19.808382927118274,15.233890670186652,53.94108492646597,1001.1025389821343,2.232501310097585,0
8.818973134483517,5.058074311065991,77.61986990368815,1031.5574316320678,3.625041260227198,0
12.34273489673785,25.181570465176467,73.76958461209571,1009.984494941641,9.533325566641402,0
18.409146792737825,4.790416186670972,68.51665520213287,1015.6844100625616,1.8169093479589338,0
20.997970566407467,0.8438132920074947,52.181307870369025,1006.4698394327444,5.93641575488737,0
18.140905786845643,10.243551145361243,69.86321505033695,1007.7485347264998,9.903032716682254,0
18.98789461025704,25.608014486161327,106.97316453786524,1006.9985971560751,7.236803671659189,0
18.051763099216902,5.085998156695678,50.32245651474761,1006.282870967071,0.35303681352055105,0
13.03843366981953,0.26150879968812646,77.6163650546725,1010.539884184458,2.8325539550412495,0
18.3223720740506,5.789468906265483,40.36800150469193,1012.8329941844015,1.2169748099916533,0
14.033590530831633,9.665002845057638,55.502244610975104,1014.1719046438257,0.3165610447526569,0
16.93278564534896,0.5992390010381585,92.36089205274928,1004.3635097257365,0.6470420301200468,0
15.94534421850408,3.613647059411098,74.53674571540186,1003.7207151324606,0.32158231899763545,0
18.802869905249324,16.818487766767156,70.04569030230121,994.6570137361554,4.889445714095118,0
22.56217624629583,7.487475558795342,54.34040740002612,1007.9103951266796,10.884355299060237,0
11.165606507922895,4.584851833829353,66.62851897160975,1022.07809308461,6.614051614296391,0
16.41674985369386,14.666583261701918,69.5516428914655,1008.2568629496525,3.2825736051908034,0
15.268777758737587,7.663850452648582,75.8770600810382,1000.0589376695781,3.9699173850084724,0
17.84530501422188,6.058276310869285,52.104100676346455,1009.5991148734345,1.9628129750685221,0
17.135269700382885,4.714258964215926,95.67562720213516,1001.2517961992388,7.68597100947232,0
6.618132457039989,22.264085163237468,87.13489681807528,998.7917763447962,2.8777374668244695,0
21.389629356696346,0.39184116743756053,62.68132887781446,1009.116573409909,5.069538156672787,0
22.60674801493248,10.769112357162623,74.14815500339,1017.9949925350414,4.758729320554361,0
18.160020745328833,1.6271777375662149,58.69873194480725,1010.8864669739801,5.700731733357541,0
26.61064302842485,0.42566119416354353,73.55442123568064,1005.4517968411154,0.3740721481731317,0
11.264368552351517,4.303264506668801,55.42578942234023,1016.8026537929549,1.0240357755499983,0
23.78907421012005,1.912928814550219,74.2381528916019,1002.9214732325681,7.2275189961185795,0
22.980238429029082,9.79932505488038,58.64807367145809,997.4741098763451,0.6470504452855058,0
15.487687565446917,9.545456284794806,79.62531155731975,1022.2462708722633,3.7783281384323617,0
14.782408848099285,39.10540572717218,83.91760192121856,1024.556186900811,6.893083141025072,1
26.996357875094997,16.70089533843877,57.19395197972632,1013.5920940045784,2.0644694615775414,0
12.775954029894832,5.78756540923333,40.50465115935997,1015.7944257286726,1.3767436213709323,0
18.738496626133884,1.2954093800495234,73.15705812295727,1008.3543692899141,5.189620405381139,0
22.302367441798726,19.759467391996953,61.25383842146592,1018.3756270335837,3.0859285392605713,0
13.931773219701627,18.451510870734516,83.32898320496312,1017.3444903348766,5.337920953421046,0
18.905107793518535,41.77926595016945,50.5475207806623,1009.0562824996462,6.472769270301935,1
17.57053375141104,17.025697806958462,70.45718275398497,995.0806385352862,9.184925352389019,0
19.544165062994818,8.924465045700323,95.53322416952857,991.0082361208454,4.1622990373407776,0
18.392146995093213,11.675936310968124,74.92978240559813,1019.0022865891524,7.159001897927629,0
17.307720080081133,0.09375432164456157,51.635526455659516,1018.284545156951,24.024177204430693,1
13.366434487539092,1.0444770971109276,89.31973710702907,1005.7718803891446,1.1410043063078188,0
26.34952252175703,9.570748371647657,75.92007294734472,1004.8535845078185,7.6575668744699374,0
12.448883067452002,8.079443351961764,48.252151517786416,998.9369181877166,0.8060580416755946,0
21.611906789138857,56.08746230709056,64.40750271862349,1001.82814533391,6.401946856224549,1
7.529396861681114,21.73275679463014,44.517262002945316,1024.5719575995624,2.6604322157516864,0
10.371718427149526,15.808374881107959,88.93876155140774,1011.8111651021106,3.278995809468057,0
13.821189324895457,10.281319964746448,71.89673534235193,1003.1206261253617,4.1218016030144025,0
28.307517883181987,11.28457057823754,88.12549345889714,1003.7521045306595,8.716258444056155,0
22.13925047981209,6.896646162596095,86.73853080048042,1003.5073442192407,6.149546920103921,0
18.442034431459238,5.801739118979032,92.16295121582893,1005.682042113598,2.8459770860961657,0
13.569787728341632,0.9277387160256173,77.20089370130025,996.3453797780782,6.652654534548504,0
12.879065878353975,10.110887957798544,97.81138849501282,1006.503878132222,2.6373577558486443,0
19.308314863482394,18.313465118380307,87.97962057986577,990.6263768352354,4.430861412658695,0
15.555752891068629,4.072336040886349,53.205738500664836,1004.7222313575406,3.649872968592603,0
21.85719495957912,3.5485599007989306,85.49445920729208,1008.0505479157105,9.223699354910641,0
20.568000532848583,6.128341464824549,62.009487405071326,998.8858698786556,0.42017821036661684,0
17.741779224174575,13.017301014514391,26.930760055638082,1008.3909509195081,6.5375680065751895,0
14.988939698191096,9.42186012916847,77.03161384112536,1013.9530946245849,5.349470503079719,0
15.13281089228881,31.376327859603244,55.354370930749425,1001.075441606431,1.4183094814786363,1
16.867605540492367,3.1738517565419477,75.51048260224267,1006.9616915201378,7.496431991292298,0
25.840523973591047,0.6760043876192516,62.10882951682062,1009.8598046174241,0.3235097575531596,0
5.878798698635292,4.267040555945366,83.26068094541574,1012.4707737780631,4.10681430140426,0
18.436655289577047,27.61806452919119,68.35676062796195,1003.9598772507487,1.5065917327534437,0
21.971323398109135,2.2076841513427965,51.18565865246126,996.6684268934634,17.878705654540575,0
30.073954993293157,9.378394280377334,57.8737026321492,1006.8473515575845,0.8199343186071815,0
14.327042116009753,19.012354942631106,57.84621344478428,1020.1750122908418,0.6095325317064895,0
31.31591175059912,19.671111641550873,65.56688139780177,1011.5231551357663,6.152184503012271,0
13.862048896756402,6.130441206067024,71.29215824569562,997.336594943743,14.56598463699748,0
17.71008026283883,18.96955808234685,63.27429671419176,1030.100092893,2.6531483587842204,0
21.095771305025988,0.6429653002712655,100.86243204567548,1023.9722642255877,3.07389747566115,0
18.285065681855258,0.5335497350844933,60.5727270415593,1016.0247720943948,1.4962154537418513,0
15.586282389089838,14.136717478165162,55.70007087611931,995.5387196743984,10.51171200632744,0
18.47496875678152,21.167850510798342,64.59289893693106,1015.1141550092996,3.000464482161465,0
22.415548885735795,7.737105860039205,68.83244204480798,1000.2655325860053,5.346919715654812,0
17.973013118192327,17.265514506301997,89.6420934452607,1004.3185767016566,16.68782581026049,0
18.56635205268882,3.384673668890539,48.4258303252395,1013.6257081502648,5.033572589166379,0
24.842109772363376,15.990627194510662,81.48085321255651,1008.0817854179336,3.807439187276906,0
20.423664086472375,15.762998459239547,57.3046501751369,1018.3380733915936,11.829928230155833,0
15.86122156476624,3.2421395957046437,61.802389082368684,1004.84282930067,11.221095570920664,0
13.224387103253235,5.803961948898719,76.35398598390192,1002.6419608495717,10.703027201711366,0
19.01836042446549,16.27619884453608,77.81942935893635,1010.0581055854245,2.704371135146974,0
12.688032359265602,21.364586240880556,76.42460645811472,998.1098871761997,0.06343834561467812,0
16.723740289488735,8.204254417138756,96.8938388699631,1012.2395527808974,11.048118028677141,0
18.97192150788668,2.0753099415526917,64.70250560783967,1012.7097453884619,3.8912791714955026,0
19.520964597767108,12.387119433120626,65.44507714189005,990.447235736899,8.619669529794812,0
7.390725504957027,6.816385540848643,60.882670193583515,1005.0163760780755,0.954359594706478,0
22.96344269456396,12.448434817352837,61.52072835401377,1005.8929134089758,2.1381043077802806,0
26.07687844734721,10.531063255355015,65.1651929618299,994.8155105603525,9.208349225171542,0
24.21926466293157,6.373098440439261,70.56925654435669,1011.3554459215864,0.6748892859051263,0
12.104801044200988,11.594048640248865,87.81519082692346,1005.9793325548333,9.07128706056416,0
20.621323388215846,3.274991393787473,90.63799259775934,1020.1254600105384,3.5939124064427475,0
12.998343376972127,0.3375261921056072,59.83382544212723,1020.2868261069639,13.92774722954687,0
11.416255765889716,20.495292660963994,80.85415880843313,1016.6746078163932,5.467898419608366,0
20.049093284642563,11.108842174200689,66.38113518072187,1000.3368761423487,2.9624886169196856,0
18.750680581856923,6.168498248029955,72.11242639791625,1021.0059760676131,2.3934102822378924,0
15.323359070230387,13.467049496631457,68.64200076543759,1007.7813909620469,9.771686477564147,0
20.10842234132222,3.4561946791829934,72.93962550796904,1013.169794177734,8.171388835882192,0
13.322806489777022,17.684023716049076,86.28973174262549,1016.5938058618696,0.597186712405471,0
16.06761641374013,12.163355000441866,56.339442654029014,1010.9186474564849,1.3846591744415069,0
17.902901970561338,3.5848409483719443,65.45230325748587,993.9362299439082,1.7827969781233706,0
21.896170171568038,13.594312228270262,76.42469443710245,1018.991357136875,4.497433200381701,0
17.477753907312643,15.82690235862734,67.46767415214984,1010.8312246565667,26.94944054430042,1
15.66448296604612,19.35833743835769,58.993180393219546,1010.3606339146962,8.900345771633697,0
13.36323432904713,0.985584630744615,73.57553474102178,1012.6515552729888,8.838851597612024,0
21.209652674807757,21.117903707549416,79.79924759874307,1036.8753436569696,2.8143452104728715,0
14.729621584362881,14.86687924666726,42.54050654715314,1018.8580313760172,2.92936261960972,0
19.15004761881418,9.341736287652889,88.32700828778219,1027.495813052725,6.063954062764889,0
18.377168194507963,1.1006579347833083,45.97051282154247,1007.4341206981783,5.280987154596442,0
5.986230325501564,30.06410131231943,92.18618460108641,1016.1114365464954,3.5287924442783862,1
14.88675319132774,2.935547238851391,72.91911182855864,1005.6041128896823,0.23361742001170605,0
6.961245418087156,1.508509105379972,66.69708059488063,989.32145273564,1.091387752228215,0
10.476398129844988,2.319226985492502,81.40083945534404,1007.9506496218676,0.03846776135200151,0
18.034341274695183,2.472682368674306,86.26719374609607,1004.2246990649245,4.243728712956564,0
8.624137651771278,26.84632343586216,71.72539118721126,1002.2084834807171,4.79946988104977,0
17.028342272898357,1.2085594487066291,71.55316207959089,988.3778077908221,10.366205011494582,0
27.50595342876504,49.3601574197811,69.0900877927807,1006.0088814779725,2.509131824182375,1
14.73551613794219,5.47884185521464,82.47023900594881,1008.1852167042081,6.259388080847127,0
10.094046489839332,17.360809938777113,83.42557471114173,1011.4486766465756,5.801213827223802,0
14.92613567421541,1.21588861456813,57.51559175322741,987.908483809113,2.302667240593697,0
16.944348805861527,13.910176897280738,55.19230709273224,1015.1192409102928,5.521733194204588,0
17.15845883018965,11.352865116996828,87.6426265785988,992.6601647058264,0.05091426876271543,0
21.541072116282784,9.482290438928432,73.49824196895253,1013.8153856258933,0.6423406851299852,0
21.182981629109147,23.27424115981774,70.87526506428216,1002.5521579327348,0.766555051037578,0
17.833850046777695,3.4961521919037764,66.87824714091191,1036.781098736384,0.2236223312795628,0
15.57174411954664,1.3125204388468148,40.60914660863884,1017.3264936072908,6.531384192807291,0
22.847286002633684,11.792568641026975,76.40791542807527,1028.4021713484199,1.6105475999006464,0
14.272632539689424,3.657351478809945,66.01345620259025,1024.3342241982516,8.006861151346733,0
19.443468146399287,24.84529550993177,73.90482758156831,991.8069207133527,4.3637471492504165,0
14.534065863817904,4.6389818297259,93.784697393286,1017.7956672724038,5.830255353370436,0
12.54516784892401,5.63048013597861,63.83778568068123,1000.3559574538831,0.1288857719833833,0
15.849216822040816,10.379567580206073,48.809973727434596,1022.1331640918564,0.3720656488813726,0
9.582809038895249,11.304765231587016,57.911949002557165,993.7110981642548,1.2288157461212414,0
24.362437232993695,44.2585030936453,98.37081774325509,1005.379039813486,0.7573304104734127,1
15.630803264645419,7.0411736947070205,69.78321593682581,1008.9787155996501,0.19888360387391568,0
20.04629193798621,0.31445044725836535,53.5278178295373,1006.3818866076743,0.1181453854060028,0
16.706019686664487,3.414271728293356,93.97970755757075,1009.06565929083,10.96433567784054,0
19.14491212530539,9.236751206847723,46.9050022109002,995.1372297004971,2.080510688152398,0
12.030374968004722,8.067896422915673,72.1441464214556,1025.7281464091718,8.968305238542268,0
19.252262038638886,5.806069315450655,54.04896990143574,1001.2659036591219,1.0822291355506095,0
17.159280907076052,3.1505010670516898,62.91864133454309,1010.6111560936739,2.1330124775855044,0
20.469759359968602,8.686145236225727,67.42205520305062,998.918354688092,4.920631028910057,0
5.348562386268352,50.91041263942461,65.70993667179833,1012.9186176200002,4.212615601905684,1
22.49732485574123,9.693236433199543,63.28128280469523,997.2416791343006,0.20129583182880106,0
31.221716735085174,2.5844660545894573,47.4554450740727,1012.6588629805933,10.199918115913103,0
26.845583501316433,1.4001216907623093,64.5735539674478,1012.8012138896945,7.904511335870843,0
21.107859449280255,28.831555463501637,64.45584495934548,1008.7538220380987,19.813261065714855,0
12.137041955736287,6.605007924873812,73.82910081120345,1020.4589671549587,2.352658106401821,0
13.471338495686904,14.346370292169555,60.1935049202677,1012.4047124933021,3.3895737270445454,0
5.901273762941187,8.610429611735501,87.90934389982417,1006.6310217441651,7.230811982512932,0
20.778022330017244,2.2373687170445016,71.34371021882873,1021.6580601920839,11.178849196435586,0
16.977725101573878,0.644932886875834,67.97118511909461,1020.0356656018329,3.571164541230529,0
21.279503882648804,0.19301169365585844,72.92104292078162,1029.5706364054165,6.4134020877255224,0
16.79292794789897,11.793856657111078,63.850592442208395,1002.5292192069836,2.2214106120466734,0
14.866413877050174,2.3661509123624853,82.93590208574138,1004.6438666157459,0.0720936486900576,0
22.28308552312839,13.389128784347005,77.72564009914282,1017.1565824475789,0.7707134085511085,0
22.002047626138413,10.74526247331881,81.31436994720362,1015.8450321611931,4.754464121564652,0
20.248279533129253,0.9277857239491574,57.696380058269476,1009.759721419194,2.6173851741266763,0
14.624108625128091,4.289699972993807,67.83221993926723,1011.0678719347418,14.752649925309992,0
17.326157104424404,0.7506463373245577,70.45286180815232,1016.0860744235674,1.7802733813930103,0
18.006027376811122,15.823848901976179,57.74367053397714,1008.2078952537461,0.3784791202912624,0
18.412563496615945,5.156259312160877,55.029552442304194,1002.3656865984999,1.649500892277558,0
22.147374209658743,3.8786446405724955,67.09260791840795,994.5920695756913,5.114872309857724,0
17.337416602290517,38.62333967976322,45.20621953241674,1022.031126464308,5.218028092377419,1
2.9024392208958734,8.815627605399603,72.75774317130542,1003.510861187275,5.7382336476219,0
18.94546246919526,2.7698176589151045,82.65058933235588,1015.5944907599504,8.147144729977397,0
23.3010495374944,1.541726349642509,111.39490058366616,1002.6119713126977,3.432798854498613,0
22.449581662825842,3.344579966637421,75.02858030604922,1000.5250786502622,0.27931879862958187,0
13.887900338088997,0.001347020764026737,86.81546000986707,1003.7380996777844,1.6159905495488984,0
18.076894906860527,12.275024255933232,57.12325089437971,1021.2558777104034,0.5373269137189676,0
11.270645382633926,18.49676137137029,57.71113210417754,1020.2742153533877,11.122204538520142,0
14.68139811510144,5.688386725432963,66.60608693239372,1017.5605332207865,16.63208476084358,0
19.326811746998143,6.808511682311532,61.25862013582627,1025.6877860410284,6.084565713175621,0
11.35951868783126,0.043728164917464125,77.83365521872015,1001.8359601389895,5.488844425837361,0
18.443287954807186,3.5389624900326484,72.95973561108393,1012.0330294356908,5.166218987260125,0
16.576584821637084,0.49385654451541994,76.11887526271428,1008.7502421364173,3.4697489699417523,0
10.78072591933229,2.3430905925259577,35.55728570294143,995.9543574293036,0.26887670368048905,0
10.917511824602663,14.591559716130497,88.52682732922793,1006.7990801905561,9.497213438694287,0
21.11103572021701,6.391928577607432,52.917503233288464,1007.2698023927398,5.6631188919172235,0
19.825627059915053,9.358612978430902,58.8699079651354,1005.8203649616136,5.272590817927142,0
13.651684593626527,10.351660626804982,86.88152176622154,1025.4799975392402,1.110815628530355,0
14.192962283575975,22.092313952729917,56.82275745177895,995.87464236579,0.2992381142185304,0
18.204595876978605,3.1141846722572457,54.96718816327791,994.7468090976654,0.09758425834938557,0
12.330922024565584,1.328098233045887,66.7294618270267,983.611914997401,2.5900044161986098,0
30.06307710806458,0.09973390458152717,81.76906431847036,1015.380617201818,3.6597756079241277,0
17.79159598805053,11.317832132238966,85.80418598865491,1002.7653719112972,7.4122971324483995,0
20.192378694048635,1.341604072843749,70.29424986540985,1007.6230487531036,1.5433903217401743,0
18.961173820976153,0.17708232706465002,84.71280173706212,1002.5777047980837,3.64864637786035,0
11.804464621730496,0.013545426943478147,47.9871210137134,1019.88669169358,18.285827271425898,0
11.242771175540144,18.77714998624691,80.05329845916008,1016.7696638733954,3.0624072642822298,0
9.995480107617421,0.6795219063427087,57.57254462829631,1002.5686573523202,3.308989422796835,0
14.01498598208909,13.761238826067157,59.574345097753906,1009.5883052308745,15.825467021983783,0
18.10443244147981,32.905960797829,73.46051358578025,1007.9427240917203,1.2769216469929554,1
14.749916656647734,2.179484245523082,75.08221901216105,1000.0581990759821,7.600771455615799,0
12.44271021531484,16.666633458146542,73.69757167648007,997.0187311494537,5.60628828533534,0
25.890534039557572,3.009766945987171,79.57776790891728,1007.6323139703594,1.71600566445232,0
22.93667258294551,12.300476518437321,68.86073464536216,999.1091988385219,15.842591716576111,0
17.220892628354484,7.542988546284627,70.0570461418478,993.7368064603842,5.691242631366281,0
17.049804824992528,16.44886302350852,64.6383186578436,1031.8764987455002,2.8353575840115566,0
8.527634655815177,0.4489270890015703,66.98876254670704,997.6785767018516,1.17345904124512,0
15.85377789850669,32.34674354858788,78.8282990465608,1010.4796144598155,1.5024303624615976,1
19.659219316292578,5.744683429928096,59.250401949216325,1011.5705458140944,4.868848016974755,0
20.12943603096518,14.159712237241735,70.28721666123629,1009.1511018149764,6.33511639460626,0
11.783380357969506,2.841420999797959,90.8870824441386,1021.7528310782404,0.887862718992548,0
25.420580142679825,6.90940945159936,75.3342002317849,1016.1848838045647,1.2982388548195847,0
16.962612386580638,10.0611612505522,59.56492933227697,999.1580860897767,9.420758508770627,0
15.649789261202493,5.598443507801786,73.98817344478073,1009.8025090646537,5.429971334477727,0
15.567100546630963,1.261332534369584,58.63011666221989,994.3365026703591,12.59941784148555,0
14.75313480839287,4.983342768841731,89.81956048409518,1012.4751191657621,15.07239393293603,0
18.75202719088082,8.606729434454637,87.87938284175675,1004.0773346917489,1.445090711393864,0
8.149480911440822,10.689498229877938,83.38896007448963,1002.8991888095957,12.519779908948435,0
15.011452431334538,1.0736661870379178,47.10593504916682,1010.3257557740856,0.19853996856933326,0
15.964818435366098,30.049581125357598,80.29477685435052,994.5975236796892,4.338560505970516,1
27.916931174258558,7.271143589950865,57.92336140170561,1019.5788222817698,2.1774343626131327,0
17.054398046114834,15.157904915515273,83.82475167886689,1006.391085805754,1.1450543335802255,0
0.6428505403080855,8.943587635739942,61.73918206456733,999.7378036125497,9.656149226451774,0
4.97893071686433,16.65366041661833,72.98422220194742,1005.2143275798388,5.914613885831744,1
22.78863826831005,14.74569733059262,55.717317898909755,1014.226550655016,10.43265641370974,0
9.107062079967417,5.537821611877681,74.79477738878465,1016.9023680038027,0.2809178457824846,0
5.208158083714489,36.148175362787754,59.027298941555046,999.768044886817,1.811615123619793,1
21.396866414782515,13.54393941280624,52.76808947262016,1007.482693180075,1.8043537102967462,0
23.668117359295245,3.934799193146354,82.95394988869886,1015.7964322932264,1.002105658208199,0
21.91695254641298,16.43478368729371,66.22691670933257,1024.5973187503794,5.408986102064621,0
9.399487245260909,0.8170455545483112,97.03247212647169,1013.8310021207323,0.9155371515647235,0
20.09199110444342,30.41185511110514,91.02397889419645,994.1153545958244,6.266238300943795,1
21.964674267465536,14.229802649098477,70.49991888498703,1000.4382311685035,3.5554413749490776,0
21.033615295680914,17.57394680128082,67.25205071919419,1020.8194205974085,3.096846221146379,0
22.977662345415403,25.382380757120377,86.31196261047245,1019.241618238559,9.89132135435786,0
22.19470250234806,2.1721193189903327,60.741202201796156,997.0088335569893,19.204438111263077,0
11.888940956635393,19.416796763724424,85.87310570415862,1019.3756012220476,4.128512898420655,0
17.97201990585477,4.788711656821708,80.03112483388769,1014.5418316718984,6.629646409861012,0
15.326333762202042,4.850848428490843,69.09566512912582,1014.5479516964238,1.3392234052435346,0
22.45191581759893,7.906063631889006,78.6280752415985,1028.1922318329973,9.925767462153395,0
18.199681986073454,1.975435601599549,73.65455570541282,1023.8675806613115,2.5254909675138966,0
15.60581271995798,3.425544405277208,57.058363539353195,1013.7657401513912,7.964905291553204,0
22.049289208185133,2.8830613219322627,86.67367985697952,1029.347059984334,8.943731370964587,0
16.153614303768983,7.959746073698896,72.15082701013377,999.975280683941,2.1767242483955855,0
12.491034010400533,9.709910051382613,88.26622728476801,1001.3155897074785,2.591999393869146,0
15.32099268473851,11.565927870318259,44.3896306361058,1005.6776216083538,2.3413939642607366,0
17.18339596358051,28.904462491680324,90.80886116578894,1021.4662391656193,5.002196783680692,0
16.20115677105457,13.90060638098674,50.10928470876942,1007.0573512820645,1.61702370654051,0
15.359815010735224,5.6566718404598095,50.07527572802424,1010.7747371873724,17.646837926128867,0
16.847996428971165,13.389718823677082,56.136502835975435,1003.5724269705145,2.127248644659102,0
26.507605352103674,5.068541514341259,57.572268457937504,1003.3721552120563,3.298945959341901,0
13.390700934373434,10.693138993831841,54.94063941877752,1010.8757821895359,0.4005189942997255,0
19.979678378133865,0.7859267448855107,68.7492358708856,1011.8569258974106,0.4829233816040338,0
26.367260451492683,10.455592808231318,90.10691577685522,1021.8991139724117,4.708137790959099,0
23.06837870271932,3.752861984840892,79.83402141324262,994.6347638505622,10.053147087469952,0
20.757381376197618,2.2643977054999205,75.10883824600745,1026.6431709812464,5.6989199317458885,0
21.623619289471293,5.245049115039434,70.65669644070833,1007.4415886309691,1.4591301618925725,0
20.86028720857072,5.092191109697122,69.06713474501034,1006.1461667247478,5.580733072314863,0
20.102262386237793,37.72563475685664,57.03413393628729,1008.5907208572238,6.899262764478805,1
17.34263702164166,2.9936558249531924,82.3907075716226,1026.774629303126,0.04547699803614305,0
15.53776962834741,8.90267272289478,93.52359638379477,1022.9036812219467,1.3855051151320081,0
15.485126147243285,2.222318875893984,73.9523082299659,1013.5918304919207,0.06920449429463241,0
20.839708715375657,2.8551942648368076,59.520927466059184,1001.2948289415231,1.4221685722856123,0
17.664108549753223,13.195088966992705,59.26360016333872,1026.1497681891115,0.42315748414097476,0
22.98546877747267,30.259999566340138,76.11815173562982,1014.5253143635948,8.657570268273654,1
18.379776339580438,2.2349613579934706,81.14023627539584,1024.1702041298163,6.695477661867003,0
21.406697515928045,7.369925411967152,67.22438916008794,1003.8044432497832,12.676787293516332,0
23.364890238830057,3.1314144858586386,105.45808741929042,1018.1034501553631,5.490008088730326,0
16.651791873515695,15.482817930749604,102.12074677766616,1002.4939710241879,1.4276460159816908,0
14.970695896205534,5.843744199039752,95.79066859310944,1015.3832402239692,0.3307329154614954,0
18.921239569720512,17.41503165207152,62.81423413957369,992.2649566605039,0.11078495994734697,0
18.12694210271205,0.5781565284795499,41.204902657035156,1017.931693667931,0.5568550354541228,0
17.917321248761873,14.457927117388012,96.23836303790732,999.8175035567177,1.5071243545728261,0
16.605185348340957,0.7309980660067168,65.80359747256249,1015.4270439797673,10.672260761290975,0
12.805701051065597,16.826845626614077,59.5846304389993,1013.2997946095686,1.7067326074221483,0
12.57424736721101,7.236180576173268,57.61884205031567,988.5519729744976,2.183147243924161,0
20.664166503984003,17.634962509770876,59.97894021853344,1020.0553522597456,12.254755242514166,0
17.372728699985498,4.376138071241865,74.91819286239036,1017.0763642370849,10.450265554463936,0
18.045190932561535,1.0821788581405427,85.97315108935356,988.5973412122202,3.4971591639203408,0
19.83740832737152,11.299196381880567,65.29705470741403,1011.7481776880878,6.898696535848757,0
18.823275776792844,5.784098472380772,53.45464816794254,1013.5902015255593,5.598854061247785,0
20.77756323171124,2.6084303111006464,56.21970232770858,1011.1210494682451,0.8798854342037745,0
26.72319586629341,0.8725250152402091,65.78470529092621,1014.2496611624755,2.186879373005469,0
16.914914747878147,7.323550010191644,65.37275817316271,995.8237606581523,0.2973285639384077,0
20.999296499178225,4.959909850233758,58.945207293748666,1003.015112042763,16.077258807530036,0
23.106916477146992,5.374692735779751,101.32664159304888,1023.4170076294199,5.960712084619026,0
6.346726182265503,12.111521683350459,70.00668241281318,997.0283137811513,2.6547853333703615,0
19.639105864215427,7.60364628507229,83.86405209306744,1012.5183675062361,0.6233051440267388,0
13.41557654140719,4.1129191436873045,76.50234576172784,1001.939324412502,1.1549469593972321,0
22.29225558328333,2.2855363873015353,66.48069145063879,983.1521195288251,0.09145146658282576,0
19.297867807401104,15.738686344559243,69.31449653354831,1002.3500805124387,4.112616604663264,0
25.32088619376219,2.9205479692199448,84.95288160198712,1022.4449807602106,8.612707276657229,0
18.660104613087785,18.535891364679213,38.71276211615067,1008.131304031496,7.8404771291596465,0
11.403764027006163,19.308423771734564,66.95529043906514,1009.0987525900899,0.39359144843978927,0
23.116927908137008,4.907388700351495,65.864467106187,1019.4069614382269,3.9018215946856776,0
14.966498526173517,4.707541963972017,73.16925538419208,1007.0522071570026,29.359267299804664,1
24.730891318133125,8.188448455577072,53.83192282934215,1003.1128233357708,2.1579202945019085,0
14.87827305143388,4.613598139707214,67.23211963516226,1027.6168893079218,5.34618234187654,0
16.585767269111034,12.336270274066667,66.86568767163979,1031.1013558208563,0.026638211927366016,0
20.993971947809552,7.950008811622348,80.02510733077122,1023.9659689158126,6.966534304535216,0
20.073239925523914,16.24562067851931,52.83607852912438,1010.5729035445302,5.560881426470513,0
25.016849850625952,1.8618622226351218,80.46854908808541,1011.5087021327754,6.9310277943560505,0
17.41062967709202,23.884533639455604,78.12111353308882,1024.4171676095004,5.308501052794627,0
18.95317795632512,10.007362879314059,84.11965871151224,1009.0760156139665,6.300901504357142,0
11.914397988235475,3.1600294692998556,60.54531281120528,999.9194452288805,1.3820665406717283,0
16.147459507049856,23.842129567688882,48.91649471232037,996.2762539970059,0.40047675444223196,0
18.155224488811783,11.912413448538466,87.3382762628905,1005.7906111430772,5.386858899283821,0
14.710827230739316,11.788215082024154,82.81787840599924,1010.983101922381,5.058150931618789,0
17.735859977126154,3.9231959053585945,57.738986546389754,1003.9043217116401,5.931335053787402,0
20.316031460495616,3.07388341009099,49.49293290309632,1020.4451398624346,7.525958057169422,0
20.685892138128803,14.306698741265201,55.75863509911353,1024.3473497966434,2.831217998206428,0
19.748250236498468,0.39759351680545957,46.52795842956917,997.6465618285399,11.409952473304836,0
23.82332604250786,21.90312223203741,80.06111418925305,1007.0774023809823,27.808386180741863,1
19.675290145420586,2.863612599209348,74.74233935774167,1002.9270661936404,0.49864830924027337,0
18.626826578825845,68.05751219889282,87.4209818114711,1001.8874288086281,8.216655588657973,1
12.916584357117515,0.22681173282547915,66.33879289488698,1022.1479705689438,4.17563585401623,0
15.012156821165169,3.750978791544164,51.98044975348249,1016.9188114485509,0.07242930686019672,0
21.110349951530242,14.367569459094216,89.93399979303115,1020.714113018875,4.899002886260929,0
28.100245534648238,19.982911169332198,94.50922275285473,1027.5477554484658,23.37751105393526,1
16.242928821431338,12.289385376562178,93.45120038248163,996.459816415016,4.542256167094156,0
15.234039082825566,26.336215041162344,66.90278522234729,1015.6048139880494,3.750465962435363,0
21.12754008415518,8.993309136890183,83.27847224483486,1009.3385671512633,5.616363904695659,0
14.734541693248318,11.317501750976328,78.37437512133695,1008.3962899941755,0.9157516941152922,0
27.812935952653973,11.944707782097186,70.0554350777177,996.8831724953321,0.8492378198547863,0
22.33816041953068,10.104374874923895,51.90999698391296,1013.7349326940172,6.106258569092443,0
27.935305558497205,18.162596409227902,62.03543653282053,1015.230790040024,6.013860454390006,0
24.654335901835836,18.211160373501084,55.29608235553735,1040.6194696540622,2.5698795693722025,0
19.206609674583905,3.2436337969260847,52.73478874570739,1011.5111043728481,4.492747468663413,0
21.8263821918238,4.38388164165674,57.88846897795578,1008.5099480063614,4.667781584065128,0
12.346923325312368,19.877512246541208,79.34066835850403,1008.3353087176478,6.686113292848202,0
19.059393393259114,3.376002410770677,74.32980896211227,1010.7477626792197,3.1275316100669692,0
15.417851780562142,37.02699856597469,67.05300124857854,1013.4306700892594,13.900301338964836,1
19.542250541657573,0.8894431968732088,60.0057369923514,1008.223060228866,1.1836338190250637,0
17.11612918442109,3.1274304839958234,46.7707255170438,992.9778673391999,8.00470053659235,0
15.685921568302444,3.9490197205026827,54.775977905355376,1002.3881361518553,0.6944657242346085,0
14.150019669012714,11.208401313491105,50.55825003625158,1006.2059550101416,2.0976564723377953,0
19.660326245822034,19.99957182036742,41.22850599244312,1008.498957784145,4.143784966406359,0
16.20185163773769,8.691664415363629,74.51661008787613,998.3432840971134,4.890810538759516,0
18.090208243170498,3.197100945712444,57.300306267004565,1009.7534271926851,3.0770808575299577,0
22.57695137780081,0.5866643774561698,61.756895881066974,998.141394528698,6.455031385964184,0
6.390217913290947,8.539912195648272,86.94210384015919,1016.816906899038,9.909867500789174,0
19.968986491081257,18.33257182239636,41.08491130981585,998.1563982768798,3.3607707946998784,0
15.503078507043146,13.534069372640701,20.128664201333557,995.3107653632981,9.107911543049326,0
22.757246385290433,5.222317620615014,64.50239469447922,1004.7383764645251,7.186821742735029,0
8.178537388821935,1.3467722353981306,73.9292552401197,997.4489225074336,4.329348380491145,0
29.09390116724067,2.611397580185179,67.61432184399924,989.033243014302,5.418627143872415,0
22.31895912284831,1.522466276210457,50.627115973476975,1012.9085280017671,1.6331060305257064,0
14.96062369662091,17.47040160103516,61.91315945276532,1013.8038144821631,17.52055868226091,0
17.045793406783247,8.469057004785137,64.7497231811329,1000.0395021399822,7.990815151086437,0
14.410405546261991,8.137000983889578,66.54213062229624,1014.0156060838772,0.9626058227600851,0
20.34157792469569,11.170755334398084,59.76413508571157,1003.2317078361299,10.36021581868679,0
13.807071007763845,0.006536043140703691,56.69978616574814,1012.9618480473101,4.935295559612935,0
19.876084785785814,13.873579823197975,67.87297562505869,998.161148239475,2.1633032924217135,0
17.84470533564549,25.350172797059273,56.354748745272495,1003.4380404511155,11.953506411923291,0
14.33553557136387,6.312415992576712,93.86528958662676,1007.9423140197033,0.8390894505614923,0
4.262475786373827,9.085971300409065,62.50404735772554,1021.7166231178055,0.9359169618058403,0
16.17332023493765,0.30937348898737216,61.009502592395215,998.8999642811407,3.5726790505528023,0
21.841036083158688,7.130519925597377,73.23094758184432,1003.4916727437004,0.1776776328235749,0
18.009229776155028,8.01088717336469,87.99457118778871,1007.813455885041,0.8758137200227976,0
17.77243877349379,2.7112464860387324,63.63645499902935,1012.491786717139,1.649815586056245,0
13.532533830561958,1.9055058297267247,88.31853490100441,1005.128419773543,2.4886715912187767,0
15.323324564918885,14.817988063188636,75.3768042731443,1017.5408317029047,4.171037708251309,0
12.408629227173604,26.471157526284795,60.40012274833826,1008.3377851528985,0.09670664486445757,0
18.490337697694724,14.92740140285175,89.43807672794522,1002.9727198408737,0.15283148986313605,0
11.976533585859436,32.568976958469314,77.58106410146496,1011.9584524701069,1.5428019610061596,1
25.890590287810923,3.820655754648315,84.78174528422828,1013.3134164677934,1.624944869983028,0
20.66700425618781,3.3075109256868385,84.86887987288134,1020.3837765476515,4.873434658081642,0
14.980096870153853,5.848276927599994,66.5567701695948,1001.7982312095397,8.996089781267631,0
11.743108767863037,27.408499836509826,62.9734922757945,998.4530525736714,13.199427710520375,0
19.620285141107804,1.6307469685607883,52.78462915276499,1009.4480176571262,3.480938595079946,0
20.42439340766066,2.832367884570469,101.13456313248757,1006.277275157144,6.955070145337542,0
20.333354909830405,23.47161783758407,92.8150934073907,1015.6608598274421,0.28605660274103417,0
21.495068100065026,0.06901724421494768,79.53169042471536,998.825818264866,2.6483222338555295,0
22.660957821301924,22.591698060308953,66.4516706917158,1007.2984000761734,5.87297321075241,0
20.969633672113222,3.1695048581039282,62.465872382381704,1005.0724478880592,2.0935695928863476,0
24.115415335476627,1.277096217498297,66.11718399445253,1012.2931412843465,1.6980030230600378,0
26.563338564192847,6.788884896425268,81.70514217424669,993.7520200989701,2.844427420597862,0
22.556813610873608,4.215299899195753,71.5863068690722,1018.5217888480802,13.408617619868695,0
24.257282109071323,17.202634301559865,98.6412797844024,1018.0988932166111,11.432892748977165,0
9.725562818858519,0.10869948043014716,55.59930557080804,1014.6671623400518,0.5516113468993782,0
20.531834887631273,8.600459963188795,54.578553882671045,1009.0288179892485,19.70422886118751,0
25.581970276267864,0.3298140208855304,79.03177480588725,1014.2334194860857,0.5449744983834416,0
28.40382952019595,1.8937502646305826,43.83503921082614,1015.8224447756376,13.928631509919766,0
8.460962210613046,0.5166128521350489,57.09422483830747,1011.295004510081,3.0617913977190954,0
16.491830582323697,2.5685756803615134,48.753495577057095,1016.5319311058031,4.3093886271036554,0
23.413455269435367,17.18673486256617,62.93313022273182,988.3569013215216,2.251474024364912,0
16.35700280954222,16.38426684365119,53.82906775054428,1003.6332990499429,0.44245330864340743,0
10.403269622615788,18.38277093112653,27.517666028341466,1004.4443065205207,8.26187683183126,0
11.493282365822104,17.351349921511567,58.11686640722962,987.6367097168586,1.8069006287531841,0
18.95211944962529,7.583731970333133,76.73828081927552,1009.7316815629094,2.619116181453349,0
15.43080691578614,1.7580540745327076,72.40866024423462,1010.5330742059876,4.129837685176118,0
16.287253995711175,5.407128227430151,72.55695656494856,1012.6667276378332,13.942140179522912,0
13.464959208086704,10.840520033830263,66.75321665842829,1003.6971355593486,3.999914802101498,0
23.79537032477949,16.856226803821805,64.95617891978392,994.386476642227,1.4741133548511467,0
24.899193498700285,1.11908930035361,53.960697168717616,992.1305426866015,5.632326925124914,0
15.222266102565667,5.029555333827071,73.06583547404465,1006.2295583086574,8.78105870859818,0
16.25192504982225,0.4281900463101456,52.00210416730603,1007.0774478455616,10.573487596197598,0
10.427648454096165,6.9801357661380825,74.82389817008858,1013.5354786319867,13.613594879810318,0
16.720347191651232,24.819575370836894,90.55614540975799,1024.29457802044,2.580955236241663,0
19.01164398211401,11.314601339820856,94.47785348633664,1026.2638040566862,8.699769781963521,0
15.486901930841201,1.5833505482968753,72.2781641442091,1022.5481194346917,9.310885282174668,0
8.164651482064238,24.65818778071359,53.242203074394965,1016.5467661748231,3.308441917498218,0
15.633674765834757,7.217430582178053,80.09414806742559,992.3540409072295,1.9667776021999341,0
17.527706427789987,13.033175780816855,76.29414958036178,1023.0801191566178,8.184817523676712,0
12.105916798876017,29.328747524851977,90.20004585632299,1005.2565455809653,1.5457438820776304,0
26.247404471619603,11.648981180973006,86.05915839968779,1014.4350172058453,1.259490644510413,0
12.24065807706613,3.6703761863891735,36.27785669811755,1022.6131810185004,0.873109979039669,0
16.495701264295867,14.158590338737294,51.857845968717925,1001.5952906431407,0.08365838868808263,0
16.876271897425077,10.838774297986395,53.00996422184656,1013.4435576928796,1.3316439793397283,0
20.456038327059982,26.09977449209915,64.6295593037952,1004.060968279797,0.20094344265427083,0
17.468892530789944,8.531982543531234,64.6185109585728,1009.1847717318066,4.376372488848828,0
17.553829228892756,8.875872005714681,69.43644032530779,1013.4438421737854,3.9284911389096386,0
17.628157005906427,3.2191358343668046,54.707406964237194,1019.3442778323131,11.729722948735802,0
22.23385387608247,0.5189674360981235,38.09158869472757,1022.1024350050687,8.190442374357614,0
16.65491726792589,2.54013357069355,79.5349239512644,1004.5125086658518,13.324840065913936,0
17.446673157213354,4.116657106188566,56.55036659027188,1016.7735952168642,0.2632808448768751,0
14.12482905288138,6.783282861896273,41.017492562109254,1003.2451882296007,2.5091007693553884,0
11.812866808887136,8.486224532681884,71.64112707749455,1016.0844206947419,0.835588052049445,0
21.571594679368268,1.616363423177122,57.90455954295548,996.5441659989503,2.62509251776947,0
16.050381467202772,0.3528806854202966,72.37080234880197,1025.6779613119647,1.0748560735327195,0
13.702499800999115,10.258391190380262,77.85092525353024,1006.7441264284688,11.301937549945613,0
12.988914905366375,5.298453101530028,58.71347143970448,1017.6130556340945,8.745358995806876,0
12.270497050088359,11.180768936885803,64.36759170471674,1021.8235284409178,0.8498920631877976,0
14.099004354412687,11.125210442012357,89.95862356058561,1006.2329957009644,24.519091152837706,1
16.968425981903355,1.6984156636460161,79.07835551527383,1021.1543329738114,4.311464212746629,0
15.951567036852513,6.305127444514089,80.68483239370244,996.8585414554478,2.7885944142798054,0
26.833277446457178,4.009025337516593,87.16909423075134,1012.0971329919737,1.1252792555119295,0
18.92587768414957,17.331503134101563,76.38167296276258,1024.6958253736088,0.08166529251670322,0
19.477136432824423,17.058410255599657,79.95171593727267,1002.7575346794166,1.4586267837357858,0
22.501992941975317,3.920495662842343,76.76837978977763,1019.0162337605937,4.62098603068179,0
26.442210778730654,11.473797006401977,44.19331584644931,1028.2768098294969,1.6142855828953255,0
14.323482696590238,11.788065028200192,80.82218985636015,1016.1863012010974,6.873375971781753,0
11.418649794629504,2.4681385680010894,86.0933011448934,1013.2543685943381,0.23020304978826278,0
13.765745169373176,6.511004066337759,88.74428357945,1007.9097890034864,3.130592567736234,0
20.667425384122637,0.13776881677615843,67.21573798123119,1006.7829378217857,0.14123735229361165,0
12.645737906577807,7.943943957336257,98.67128630709585,1004.5415741402892,5.45060929574356,0
13.648718882413874,33.610940858995065,94.33289652324143,1029.5114204829779,3.4685220309841935,1
9.657003705609023,24.921496157845496,85.88092794825818,999.3236514939903,6.271400179587881,0
16.602158478667285,3.4722462695569787,98.52338882670506,1012.4481937389454,11.526148494521472,0
21.19330084321551,11.382886346791263,85.87177487630726,1008.8434643145177,0.005563565158914325,0
19.262949636895456,3.173918143243312,79.78969610765617,998.6231254344926,5.0216713854517625,0
16.80944781843973,13.048178060225275,70.69004120879912,1021.6503210483945,4.066171663925939,0
11.772030441927225,4.1966179400233425,58.5971582655687,1012.8713335412299,2.5710501962915,0
22.407037644617855,1.2581112477879057,80.81703043818372,997.0249036001777,0.06490682142417693,0
14.210719019970618,7.771798856802494,79.1261163069884,1037.6597961443927,0.44446419545465066,0
7.238082276954099,9.342899525391648,83.14683468254404,996.1109182897089,0.49890983052460547,0
15.024482806761382,3.782173888125585,69.52731513365465,1012.7474190274635,3.7950650870105034,0
24.384826930440937,3.959223221762986,75.07035221652562,1001.8228452426987,5.581447001277347,0
9.836986271563385,11.46306874356436,58.11552411693841,1006.0090114617907,5.003748524175631,0
19.083124877023096,11.822834875439824,54.61370974539584,1020.3572464258303,10.312309439492243,0
22.09864165845506,6.930651678526561,81.175458443692,1024.3944571515315,1.0329069449920911,0
28.43023524768557,18.96848891656341,54.77860760221222,1007.0395389967877,16.549468924924888,0
16.799235938462544,1.1433910210774867,108.32029488853173,1003.5780534746573,3.8976056681816296,0
18.980657295119535,7.86019088162905,56.43897565396,1016.5736496338957,8.575867549232841,0
11.64795628010285,0.42468098446434205,99.56296406076699,1009.805313009229,1.4538470139077937,0
22.568858106927927,22.821482888279533,46.814053199639005,1013.4507537694585,6.550774171064458,0
24.432515595359654,4.538507446871991,62.21264015809464,1031.6400737391236,1.0532109527205673,0
20.51392213447597,4.441356404862513,96.94541234390445,1006.2581972400982,7.273450973382179,0
17.222171527390824,12.11022441777346,88.35565511003936,998.2515869161706,2.520385781542645,0
16.578076751967455,5.315041718826618,93.85873108926776,1012.1802509213256,17.421016873840983,0
13.105928769594303,4.745567208171341,67.27921895336071,1005.0564566214329,3.5254070989203523,0
20.290840573943495,60.9655354860716,55.3041816292479,989.3504261241526,2.5599996218896064,1
14.570009791402892,1.2233282094473483,66.80005301036095,1019.5995667443375,2.4491904824707107,0
14.454895211847548,10.44787587099343,99.29888706289853,1011.7252678292309,15.457464948642112,0
20.554314945741588,1.642054265641818,106.66874128873759,1004.5771766223734,4.358220073750816,0
9.586706529386571,1.3561816562204485,54.639571136704305,998.8225034607383,6.628173198274331,0
16.206481134755407,2.342435989003616,71.2118744458297,1003.1894483938532,4.522178070501361,0
19.062870153161075,4.238544407727264,85.40479394979599,1011.8486788385263,0.41299807730871935,0
24.95366243795771,8.343664730746035,66.93557000047245,1018.0391933088072,1.7571990836621987,0
17.63013568202811,5.669930305953179,68.86501593511255,1002.4367657537142,14.031231299839462,0
18.86275095902095,14.070425945370488,88.03716621479512,1013.1714698471047,0.41792313040271084,0
29.35724872711398,17.640639909354242,63.93403865224058,1002.9327023648076,14.140944351988985,0
22.4932422934245,1.3278406215222638,78.393655922657,1001.8646965063376,0.20559727075366543,0
20.17987694750023,8.690380011158258,32.01630872170472,1011.8676205484824,3.2819354537865886,0
20.363315280383567,16.59022332337045,61.151360532013655,1018.4428322809741,0.7088528236200342,0
27.95776651102367,4.795722145309514,57.51908042725215,1011.3164456691928,11.63455676417099,0
15.052163080037994,4.832353694091781,65.59891726236933,995.5058027082258,0.24785657895075933,0
20.129218293149144,8.867330544624384,76.27308633831959,1021.4146431797225,4.04488964471862,0
15.203350309313773,17.483110240989262,88.61721015818091,1015.7368703000255,4.563523262969475,0
20.611253180088895,7.789530841603293,68.53127130335643,996.5595537152816,4.912830995511571,0
20.526632500390328,8.477157965038725,91.00599692192924,1015.5422470394604,3.7054029539204594,0
21.477012372751492,0.8349653577071492,52.88487235370893,997.836741672049,1.01951822444556,0
16.949165461040494,2.2601510673366603,61.92645721013268,1008.6414528361175,2.535773855728796,0
3.3527565499886602,4.825363979743863,100.79458036752494,1008.0223095529439,3.523030355778842,0
18.945556083019703,0.6404948548865705,71.89784807527083,1002.6544190313452,4.17376599720744,0
18.783468641232623,32.136649352875224,85.35295966278017,1031.0367310306171,0.2332842856698219,1
20.981985345588267,29.182323007342884,62.68010025689162,1018.209668843684,0.40164619899309467,0
17.54300221245443,1.315719185614339,68.78682253201808,993.6239508254333,2.2169231298440146,0
18.598001313335523,45.568880922286176,74.78740435137986,1011.310207620787,0.7690002775422554,1
22.889077748431003,0.7986395736312462,38.415295872395134,998.86480767572,3.36323453271286,0
26.850838078236364,5.3690098459037285,71.65584458661546,1015.0742092783329,6.52184468947754,0
13.3771794281095,2.7039763784465123,46.03601245606852,1016.2074755527942,3.9585307958439078,0
23.20094282396376,6.445282174574713,56.53762655249186,996.8781752247222,7.626076966689729,0
18.22611354499991,2.5445027975285535,70.76796852821629,994.7270430957219,19.133969282322006,0
9.489328000126488,1.9953921529043601,61.03864952285158,1020.7790173945333,6.562810147679964,0
26.560201420089463,17.874394539026433,43.78545235257607,1013.3972385937476,0.30734192931961085,0
19.41001312508428,11.778196427258226,66.24718250189255,999.3003984340742,3.976878752250783,0
20.51372403745407,56.62537503605446,32.600937695048835,1013.9844912285788,2.520913405123931,1
13.858012726031756,1.4272760435004184,90.5214772264572,998.3125897150687,3.306329560065953,0
8.84158876396987,9.008619498880007,54.230351325409835,998.1971639617713,3.1908319232787976,0
19.317733702890845,8.062526694871774,49.04598862798061,1013.3869836883919,6.779240778292904,0
17.754853295809816,15.150947843264543,67.59459878432754,993.7860584387784,5.9364490355723625,0
20.16874610443173,8.379208321549434,79.85420668486418,1018.2806607637237,4.709426506615993,0
12.442098752432244,3.029080927326903,69.46261631940305,1028.095149185186,3.604728573631553,0
10.62881360552295,3.3993656683288447,69.97395215086456,1007.7211201844934,1.6817431412409147,0
21.20271467537387,1.9165610901684236,71.84617302484271,1001.0878149989325,4.913246705322382,0
17.690799580196582,7.996899071899204,78.69128474348454,984.8916499859855,11.344526322154412,0
19.145373441028514,22.132788596030046,86.11477019073342,1022.5308891730208,2.807730177683868,0
19.958353078076357,13.857342431683175,72.16515200945041,1018.266415353899,0.9970444905313678,0
13.840225412527744,2.8350019881455184,60.42575910207259,1015.2256192087533,4.433558065018187,0
8.825959851827221,5.559969016837087,59.12354918538733,1012.0001485117175,0.4594155982650752,0
18.356268749554463,2.407917164719208,50.597385621938564,1002.809933323186,8.353007316259138,0
10.184552509197928,0.13959112564237627,90.0538065634707,1021.8256572706088,8.013696500504556,0
29.518193760523943,10.877530751021565,47.80833665290414,1014.7967973950996,28.96211347018033,1
18.994748482416547,12.73528194464486,79.7424604728886,1006.3608060651036,0.2523677026024477,0
19.680724815131143,2.9597168916602334,66.58785610069889,1005.2613512984047,9.798941551541256,0
16.17100163603249,6.932637057309128,53.01004369660529,1017.5917850270527,7.094922978741559,0
14.100735268891807,5.287904170316771,86.22977213874913,1015.5970047241142,1.8076158425404136,0
18.93769392206981,15.22759942254089,81.40177564384541,1020.5441211221942,16.854161794382893,0
13.070980956660867,11.138544400475329,65.73767353106804,1015.3109660228461,1.1585122037602504,0
26.112491704505068,7.02099012251458,59.69160203628985,992.2057055114838,5.181266928682797,0
13.82838477254209,5.19740847616342,81.4604467235929,1001.6670504175751,7.648219716832733,0
14.808615171514262,23.996764970437134,90.12147963060553,1003.0724514230196,11.364902787360888,0
16.304388603649805,31.302214164088515,75.55091672903433,994.9181214564608,0.3223263645829332,1
12.215107624288539,6.658699190636978,65.61987181730461,1005.4596641968055,1.9058820690720644,0
19.293305739276942,3.6020447607473787,73.1910966378649,1004.3501808896792,5.861124828976646,0
20.116061872285087,29.008597273257944,52.984054259402654,1022.2977422452194,3.47153243578947,0
18.8024481198674,1.2777989763392197,103.18796559095864,1019.89860140586,9.881467017064018,0
14.924061621421965,1.4768831082190703,68.06651223822716,1013.4065413641214,5.428190178299471,0
21.65690126287496,29.141467976536855,78.85633091877196,1018.1686796953226,0.7060145951758322,0
15.868657216617875,12.209185978626802,82.68289149827817,1021.5121964078561,1.4538657989522825,0
17.676556974837407,0.5512672895569122,71.09311147023273,1007.962728719584,9.455623958741025,0
27.032581053310047,4.835301269178373,75.08337397327783,1006.6586355154016,3.980437931239487,0
21.01547342474417,7.156252060629813,57.24197081879434,1001.398073045775,8.82195659983044,0
29.473842957738924,17.693878838442362,61.10391798351655,1013.1470630755447,9.127218178311617,0
24.09097355877128,4.509586856313101,85.86052458067337,1013.6141552377198,0.5972434847280181,0
21.04114447653656,5.238737724897916,71.09086941104931,1011.8729554982322,4.989890319927591,0
13.418395404632902,28.48316556850679,57.4461894430558,1019.9652463389658,2.4971358204079723,0
14.351676880894367,1.4995590612084353,70.3584264547945,1007.3582899008467,18.60263881034444,0
10.820452380657361,4.217341611474602,50.262762753587396,982.7772225907686,10.597761726074085,0
22.712726142267357,7.042501747557837,52.93393006282912,1010.2440733953316,20.296684976046613,1
17.092754653762416,10.8810641604361,68.40494496203027,994.4657220153321,2.742570250984601,0
26.729356680675785,15.374146022517225,77.6534146775441,1005.152093236431,5.231244208494754,0
12.001512358173459,2.9658452486532405,35.25784205546685,1010.8432382724224,1.9345997580578913,0
26.25618289343643,9.064644576289329,69.95874638448727,1010.2106019836436,12.672043585554833,0
15.710758069087554,2.284602931310627,67.6095665178114,995.9089307224402,0.0011353199766673677,0
15.95682043731665,24.65122113802847,77.18228122319613,1016.7957568516064,0.9185001060743391,0
19.6083927068825,5.630593969546577,72.5208970895023,1010.3390078412546,2.1449373171720083,0
12.790762272797355,4.697235474323051,91.83371227734031,1018.0746183561245,0.586061236596752,0
24.264213172137417,4.174027537468337,63.276630755497756,1029.0443350817475,3.555477156091545,0
14.973035380362305,19.764928715380663,66.813566051343,1025.0421428282991,22.477339135588927,1
19.61041155383493,14.047409020363848,69.83361994077097,1012.4827393291145,24.227070263269304,1
9.872003166702742,19.48628093585944,74.32616723074092,1004.3730797555977,2.1200264949748577,0
21.32351372666555,4.1147906904242895,61.70618743949047,999.3621038389797,1.330042329500564,0
14.050762804753727,0.7062272014626283,73.53082390822019,996.7420622864576,1.7220457637370563,0
8.84427560830825,20.867072732955343,51.573342531013566,1009.8408215499776,2.0035517767770354,0
22.58005159895545,1.12945547196431,54.155080010413876,999.4149627900418,1.9312639084102636,0
20.32184931773287,1.3067588713908926,61.74172102437268,1001.087830519581,0.3657340658065671,0
19.598163379587383,24.01626766714926,77.27501937284842,1005.3217781716774,3.9332345832133426,0
20.930829001963918,1.8489687702771165,63.813792726752794,1025.6986643625996,13.651135311510124,0
18.343185242138578,23.991195201548035,60.411541580798016,1001.0911038805795,1.7051929070598755,0
11.057287230843944,7.864810288349036,45.99593343244435,1014.8810481771931,0.9170099370718936,0
13.659680466623847,3.715108568727232,91.68796989463047,1010.1631560168578,6.72517159096781,0
13.030686625825734,7.919632592061517,76.30287314342488,1007.7935724988423,2.668053979617064,0
14.288759932168988,0.4062559656359004,67.98766536861604,1014.1210916102028,0.2202825002621114,0
16.01160153192698,29.522839319138203,52.239541626661605,1014.0346891810792,0.5752730898596463,0
15.253200725322792,39.769657357820215,89.72169738394756,1004.3448871178235,2.097245267582794,1
12.119133317226098,1.5784869825637542,77.31340445630077,1012.7899179474847,8.258289084967904,0
22.30908401609412,0.715356769404299,51.259071954107085,998.9201695795709,5.048137477576721,0
13.149378698101781,9.074971971129079,64.03663351762418,1005.5690512604393,0.7093659592899565,0
23.908806978307474,2.1901234315893587,58.28054939765412,999.7500768618123,5.147228148503714,0
26.043904278671867,4.502041149450101,82.42344535276933,1005.126105837099,3.1653499900349047,0
20.668239976844436,16.14142569706346,65.08087119598962,1018.0108096378818,5.758010763540458,0
16.17247031507367,9.4112855647433,67.73051169651217,1003.9583239668415,0.4200656300335847,0
11.08268744085817,1.591871344433472,61.957417500640155,1007.359622380056,12.085843649551244,0
17.964775072597227,1.3153049077306842,66.76585632147966,1014.729170845255,0.8818637500620277,0
16.932639320002906,33.76475102731325,79.940887397789,1001.9286001702067,3.9557548382169077,1
18.699436164195635,7.647704065903582,84.94177322366693,1005.2975640769672,12.413893644023844,0
15.854680615492711,3.972561919199786,89.88954955712634,1003.471915158302,2.068672142609829,0
22.750079143348227,0.508785470907684,73.645070830816,1007.5967176256698,1.2872423406502642,0
9.650661666631347,13.622075409687193,67.85326394554333,1017.8703083687161,2.0937594394579033,0
17.679611179256415,6.714804103862675,78.04436364275784,1016.983208157562,4.207719535815295,0
16.73524150387118,14.362184340838892,61.88311941197736,1020.6687008837604,2.843106479415647,0
16.034736214692995,15.79564273602735,85.0244773781284,1011.596477694079,6.766760571219642,0
20.857041938593902,16.352548810867347,65.01014229155241,1020.9369764069144,0.2631206829634183,0
26.345347629131656,5.98474268823776,55.86162991312186,1002.5801657190806,5.035785938485179,0
24.458176133802233,2.063107767932955,74.45625177236252,1026.2122687972624,1.1411849327172885,0
23.047358942979844,6.589413974462813,57.325878421097556,1001.1584152005623,11.411717525227878,0
5.057916838979001,7.44544354543604,54.79291101040206,1018.4793217335326,2.959513840544568,0
16.68670239841916,0.00943860563902917,64.95419581883296,1017.5268231528605,9.134851765064848,0
12.062672991307807,7.999764615179965,77.10901148817027,1002.7937394240923,4.584597273639555,0
22.437519837070298,37.05430375478479,81.41269981467217,991.395520000757,5.227223694802879,1
22.321218073671133,0.7089544012621513,85.1200600643989,1004.5039541533516,4.547970749700628,0
15.01512856639463,19.279049719064467,34.14543448795843,1018.5342145149211,0.4613135107966414,0
16.153066339681576,14.996800467460467,65.06583871964047,1013.5930258008575,2.813635272805919,0
20.576471608122336,7.664660415073957,57.485772849480625,998.324657846873,1.189673655168473,0
20.602765288662138,0.423829262133264,79.45223164641791,991.2328126931726,9.757349871303202,0
14.34184130545736,30.601665738643476,98.35661027733674,1013.3324003652243,3.749518681013277,1
18.84922348624515,2.996254782146343,64.49394391027491,1002.9517782900201,3.8014685153209693,0
28.0763755523032,1.8182807499576956,89.35966691383821,1024.5802527556432,17.502691032642314,0
10.519004229619991,13.005980199765297,71.1547471211073,1011.240727257195,4.478973206920344,0
20.840516025643232,9.76517404963692,54.25516751635088,1007.5063589837406,3.7608418601768125,0
30.508225175675562,4.071302844221822,48.81558520105217,1010.901826374969,8.178252330108547,0
27.617228974124764,5.757496857634068,58.38077544972127,1014.4352373846242,2.130908630736617,0
9.48935646730806,27.01089832665207,70.06901630645709,1018.198881539818,1.9866216270422863,0
7.610940900719015,25.324497441644933,65.19553293195037,1010.2925147970187,6.748145726709836,0
16.648616194949177,6.636233061595189,105.86149247151586,1013.7709209374248,1.3499297670397967,0
4.4780418419861245,0.7784894456788227,60.551731714542846,1002.8493677936258,3.5150932302417464,0
14.950496185640388,14.6424349774768,71.77317987102906,1003.2580943966177,0.6346827486498934,0
17.60466329067722,18.578574260826592,61.313138355463806,1004.7913633484915,0.2037065126492444,0
10.096245913452792,5.961629738751385,95.26869619025348,1028.4389869200195,2.020530351400584,0
14.606784693529484,4.569662988092903,65.2264370838607,1012.1741657568672,16.947475271097957,0
16.366882554572165,35.09042871201905,74.20798510832887,1020.1609352164696,6.0343131667104855,1
22.311117559434884,6.0816202895230065,48.75659416311032,1026.209759662494,1.6558600276558297,0
17.434598320568824,3.8278370448899897,83.10442753111795,1009.695972334695,4.7126988129455,0
9.920566062947636,4.204906620785936,74.49471531756022,1011.9256023453263,3.6153748500393164,0
23.723798057261487,1.048936397058432,90.55065491756486,993.6712216150963,0.4153597691492223,0
20.30135812491152,8.572326375919161,72.92263510405208,1012.2080850788809,7.269595411285781,0
12.948887989440724,5.215774456268805,74.93399340886147,1018.4031912758485,11.475511708146918,0
13.245446351563839,3.706169856744946,74.77781507198311,1017.6369771584805,1.7902817713168635,0
23.63687005222778,2.0339579323191286,67.55160357653641,1026.1982460498266,1.2795577295166711,0
15.7702814306942,3.947778025434058,71.69710685579534,998.2673044399608,20.884657736152672,1
17.476040415526363,2.3458040929594244,65.64943840590442,1006.3836747638284,7.328011245991459,0
26.393373366862832,0.21232989903297278,41.325391740223644,1009.4123528772327,8.481934907777898,0
15.474915748163319,21.64902517156557,71.19634790348825,1001.4076685790358,12.222453618197719,0
23.697777680127345,1.4351899382185629,64.18957053170783,1011.6703700072635,2.258099703576552,0
20.086975653669587,27.83547309211879,56.32997045361856,997.8128467132512,6.033355841550835,0
20.977454488196287,13.414971234034583,61.15157865305664,1008.3844401637411,1.6617618740132432,0
14.875617911172249,3.631104997105856,88.18238032825496,1005.0685514424586,2.8504986938955605,0
16.99823711102918,29.504946419583877,73.47763138202272,1003.2375879175758,7.056876044507961,0
12.528176012249283,5.00471317699037,53.73684880330281,1031.1674682147966,6.781152938586439,0
16.78650626087359,1.8394693964449016,41.649847432255854,998.4171400363399,0.29552305768193454,0
9.592114501162797,8.754061349555618,95.26522774187471,1020.0002171509283,2.7179036506796725,0
14.323994826183768,7.024650331840619,94.84312378085943,1007.1819761931328,2.2963085135505064,0
18.492491740123405,38.64750220070523,70.99888857627502,982.8675736583659,12.035849445762416,1
21.094431490115767,15.985211246967781,94.57539598406412,1008.6926293328676,3.222817235449181,0
23.524709611154858,4.878433113638046,58.51285029911933,1009.6547820016868,3.9893978583499825,0
22.950831194796443,2.281493137755422,66.74303387580696,1012.230912250599,0.28079029470381955,0
24.31244947438475,35.70041022711964,42.070747976889294,1011.1232116546981,3.1687986608871324,1
15.836130582058058,2.1403069541003954,81.90727700715723,1006.0705799819359,7.5717316698802595,0
14.394749852385054,6.379516038605493,61.039528516937764,1005.1232602572101,2.0227986642481524,0
17.123107720506546,44.33242117742316,77.37258470870175,996.7081486665512,11.08846734600884,1
17.69405781110489,6.1684445446344816,55.417714026960084,1019.8231948275544,1.01855175627672,0
15.606207142391558,6.305867695387049,75.39213696320688,996.9122168792308,0.13740407330152613,0
27.67194263954265,15.30171671923533,67.60125965746839,1019.3650411673049,3.834425816125082,0
6.065350649021637,21.84131485513303,62.56182741984776,1006.9383414214449,4.773465701841266,0
21.67299064151498,26.160303669054812,70.16318137303345,1015.6106708402592,3.014931224978737,0
19.21828611851357,3.3205239306205243,53.64687389800855,1003.2418602896668,33.59782080761886,1
10.142109606604112,0.5653469798623354,58.09320213971546,1011.4935620146579,0.8392587362282147,0
20.470319594877598,2.9947454226575405,27.180600056434137,1004.1923189324954,1.8064262313775978,0
16.709596450679747,33.979558226125086,67.6047221876755,1014.3006568717532,4.229789715639278,1
18.22745738165376,0.14298370709509134,78.37504634817559,1006.6076303274037,5.903054343219857,0
9.787233231834394,13.211074682337152,99.82500990370895,1032.804993064776,2.60139465779218,0
17.97219853175965,9.244373826138894,87.67769034697633,1012.4421090254675,5.936727914885518,0
10.394350241527103,7.239508357859227,89.29938715155292,1003.9001537848146,0.9344348818922593,0
10.184828467143731,5.652942966301168,52.308105032383295,1009.1518032534026,7.899746297875579,0
25.550553399652053,8.59175562493918,86.09874101388998,1004.5319191042737,1.360944703258735,0
18.12605433770041,3.0225338149362373,46.85322658085694,980.9553560342291,17.05147034953414,0
20.95707754643193,8.467627661557925,85.85524424422204,1011.9879458833885,4.374613519645215,0
13.819689239499876,0.9700608578105192,91.36743731870422,987.3870897324987,10.089293761294103,0
13.48904779763917,2.797076890024286,58.744584571872835,997.5373598606557,11.29550877690156,0
17.70086928235048,3.8712980038857356,77.40340306501437,1029.5085180236792,1.5974085897829629,0
19.355535174485166,13.336001120802155,46.398253598466724,997.7892253591193,1.8963063511938427,0
7.891006800190263,2.1351247744299524,68.480789219477,996.790746939367,4.296540020920419,0
7.381584913375853,40.94790766610068,81.68544801445194,998.8957425074756,6.293635731467112,1
14.104536303116497,11.29707603047288,73.04853931879046,1011.4508064950925,6.72732043582701,0
14.711063053522114,2.3695079741946246,67.91424520319202,1022.0509565345003,1.2268687309126556,0
24.033040774319574,7.8702078034706355,47.09248215115529,1006.1777276143384,1.36397893255261,0
14.59752028162497,2.4021704555933256,94.74675529361203,1002.815194802401,1.226006039278473,0
11.46315108884518,37.48906755366757,46.03191798257744,998.6282122419744,3.5253478547030976,1
13.535852013409603,15.038530172563103,71.52528093170946,1011.0565382502606,2.2289014774395017,0
12.362519505234808,0.6283921189922631,86.91863489880353,992.7882417471028,5.910690276707358,0
13.419292417093283,14.534837431308587,84.05600312653047,1004.109097774686,1.7401107273569383,0
26.497179915043546,11.806477254887483,63.973074595875495,1020.8392096653561,12.331314909719753,0
26.0204562673862,1.7003195424467847,76.33162890234858,1025.568818365467,1.6056143051850946,0
7.682984237602728,8.658671471970726,65.23974261636198,1011.7020204949337,4.994591635636997,0
22.77661901062128,7.313639198622727,40.51106508779533,1009.1713932746409,1.003019919199958,0
7.818897485720317,2.98551118000952,70.71240202377464,999.0035270595074,13.13781947976804,0
17.46002674918066,20.22699065275232,60.9555264977176,1013.1790838409568,7.477807030455019,0
20.957210758759274,1.2099982699549117,80.20330540715037,1020.3512891617673,4.306094565032964,0
20.22782290638745,10.39609805981671,95.77610608972692,985.0765687206994,0.17490821702259818,0
14.637572019968319,5.7095537885997505,73.3490625388039,1013.9619940038418,0.7159830999231378,0
8.958217837912937,11.764983799247519,62.49420864819349,1014.3850176956573,0.5508217745971264,0
6.141703195705539,1.1284603919401595,100.6310447939182,1018.8877311701115,8.806710110388966,0
19.805998718756992,9.836457729649995,63.90636326695708,1003.8316912287773,2.431137075872818,0
18.72918235107692,18.016509430520838,78.77949154774507,1003.7664931970974,6.657523651336662,0
19.69192013405571,3.2172002178661305,49.04271540177773,1022.2206527419619,30.314294208507402,1
13.496643087437599,26.689101002710668,55.53699892865133,1017.6333415093387,18.333498397554024,0
20.556633220811776,37.132508037375295,89.95572528487091,1023.2106173835347,0.6868361380083193,1
17.37412785808418,0.4076780149507192,82.70323155827371,1020.8172169439509,6.044911679935314,0
15.718067693312623,6.149714248845541,68.4355223293341,1003.6526810973339,3.165201131484224,0
19.002298157068644,3.7346208665024316,79.13358034381947,1002.5296067930072,17.980268270906397,0
18.21792799194788,4.463807037756296,37.133888911530036,1006.6490052120076,5.736572032898788,0
24.27701804729948,3.121704530352204,84.18804465526219,1002.3857024557442,5.328450673998246,0
16.127338703063582,0.40610691154355255,85.02049684436294,1012.6458453602911,11.074343286358616,0
9.094207927671834,0.8009265717967772,36.542979713133114,1019.9578122837753,1.4029037637667099,0
20.646531058952867,5.4697259387570885,74.66287286192217,994.2132479809701,1.0690187086828233,0
20.75942985911077,0.4999552507890129,80.20345312626444,1007.8749863530884,2.0957550967752123,0
23.89474199618334,7.907078851523114,73.00677256510475,1006.8083008539741,4.366576211608102,0
15.525172598159635,2.036456905191743,62.53641252536179,1011.2404511842672,9.17379972422134,0
14.870577345492578,0.17653117415832129,71.43603750799845,1004.0667511037007,8.560002989082546,0
12.214416906433645,9.071984360990504,50.0030746783329,1017.4707284384655,4.34651093699433,0
24.992955023130527,13.535721366789987,54.13903213384154,1016.2998084034754,2.173036073534379,0
22.250396662087766,32.89635896070803,76.26521128359101,998.5359969328222,0.5582923389996878,1
20.328866592454116,16.75850035864825,98.00836306468473,1022.4323433047946,7.603978863268138,0
22.22901436281464,0.578557332799298,77.71093828637164,1016.3771949718191,1.685307348132644,0
20.249501147046963,10.228944477442631,72.9922794916437,1009.1905179375616,0.16997453414243371,0
12.027385301169826,12.455596926124358,74.28704930192099,1004.6614507060797,3.4097585324907627,0
14.730600431739498,24.631641405374737,63.08751490304856,1006.2657030498382,7.114311083631174,0
22.405733604066846,1.5854396621277056,70.01988533101611,997.6347966365333,0.8525208616449735,0
21.377549988398926,11.502090453818122,92.0030993523203,1015.3928045088068,1.851425549203286,0
7.15161291137149,41.40773745591833,52.08715898361566,999.6928706873388,2.189023779797281,1
12.781927949321815,8.314765365449189,74.71424132609555,1008.1256302468914,1.5440897817890549,0
21.452363430607566,1.8482401140114892,73.984254897588,1009.5079508382663,14.567546654622102,0
20.445419390753713,11.295459704403559,56.0811805082253,1004.0932543811515,1.8101250518858567,0
17.11041062097801,15.875706349446999,56.3078362105523,998.564405402345,0.5135426104560245,0
20.708228439252963,1.825398744702175,90.19965147151723,997.3878814814769,3.8531190485584825,0
23.90064086870764,9.908365327146969,87.16439602839908,1019.7261764270775,4.214007935006194,0
17.44732201496159,17.861216418966364,86.3572708736146,1021.9987548378068,19.548989254179048,0
21.712294567963102,1.132013237341953,60.436186868860545,1011.270927488428,2.413081334201814,0
18.43485108787679,9.959707625687814,44.164849646953215,990.6670992833442,1.858006731766436,0
19.851059449708703,2.914724477772956,78.76471249652965,1008.7253703178261,12.16393797871606,0
16.811324614808075,10.028804020557985,55.61535634698328,1018.7291834733329,6.353914505692121,0
17.603057877971487,9.855158139154206,65.49301076918944,1012.7829897912783,1.3396017973610632,0
16.475388938213364,10.563609211055278,94.43407338465363,993.9210519357093,0.5683668182306739,0
21.959296551940337,73.39000566875333,61.44039354699831,1003.1366315306517,5.436281873638286,1
13.782992257714813,33.65308210030412,70.08907254122724,1018.5868851146563,7.926417040715163,1
15.017942960155601,3.1706639240307894,65.51227341358849,1005.5119619883721,0.46275327329987703,0
23.82663708901081,4.188931492316493,70.42118161071986,1011.0422793912841,2.6906496364895647,0
15.168027043926383,0.7264456192996025,82.47425179270606,1017.2552837303798,3.4332757772182476,0
18.683359355814414,18.51162288407666,96.64130920570096,1005.3922498626835,6.5814677515537925,0
15.701716138635016,10.141851785009315,53.8023632832777,1008.0300935178568,3.8264335552468083,0
14.946090274570647,55.79220612486673,90.18071871441582,1008.9159520712521,2.8287616345110407,1
20.108900371254354,21.7679369010487,89.65287862121346,1027.2988539868345,4.971513813887149,0
10.614925685927858,5.40225155449243,59.001023597704695,1003.3019664192414,6.659701386750012,0
18.33919256958469,1.773472276656689,39.701090017657954,1007.3437817821946,7.1850173142149485,0
23.182577917522174,1.5534023502232128,52.43175739934095,1032.739410386772,3.649215048235608,0
17.916948288370456,12.66089943645751,68.41271863753454,1026.6738234293862,1.3264660167008058,0
15.942644129310196,16.774063328595236,49.65945332282898,1014.1459435054062,1.3506548298580014,0
23.480349537386992,5.3721713964212015,76.37981962495165,1016.001189507966,5.5322389068689315,0
16.023924991079745,5.943621129648129,48.29601895295713,1009.4080142559139,4.92823928683616,0
7.913306009387943,8.343692995187888,27.515111125237887,1027.4857591405853,4.412291523205101,0
16.04634042795906,6.779966293726646,67.5836443410749,996.2562859570476,1.4106116957404362,0
16.756920731166613,30.42069753215484,79.39920455894607,1032.1554461620476,3.9147078908727058,1
20.78367919417968,1.38550386117638,58.00555263749442,1007.5228615749704,4.876941001226755,0
25.40980384218268,2.4906472205362644,65.75172941582152,1006.7652057812337,13.058161122364977,0
12.20793413713605,12.393299493894105,78.3793979913177,983.7778084545906,0.43985743151970524,0
21.26153075805115,1.1595237416773536,45.529973343743904,997.4197530477121,6.32147017858399,0
21.6580055107922,14.997827844207869,85.48835218530397,1025.6390014489953,11.149884873066316,0
16.8434952853515,2.854013148656487,61.35370635497734,1018.975435703038,1.1918014384206752,0
23.651098859187407,2.7311887278285205,60.21679765104241,993.9490503595605,1.3349878350048963,0
17.586424880517534,4.1325569521736885,73.64637591491048,1007.0590152619436,0.8697813143735782,0
19.354182579169773,15.610442552986116,62.74019325578682,1011.2366149515126,4.871545980434359,0
13.035669994572274,14.685089048092959,48.32192103381662,1006.0156384065122,14.70176560891229,0
24.216561124225848,5.21655249638398,68.61541909298839,1025.5630738848026,11.39103955424943,0
14.958246176603312,16.353672343018978,78.88795460976642,1005.3676086307746,15.209936497561712,0
21.846228197799874,0.5114609090584548,71.89619244150427,998.2238899218822,4.287662442969723,0
21.61413447492756,10.964561131275943,71.67698737305082,989.6699926432996,3.455425981764517,0
28.56174854742877,0.7495329816360979,70.52300324168719,1029.9685021868886,7.2440168459389,0
12.05518290232519,10.448543531271234,69.25179768807824,1011.3470746810281,4.748154952106526,0
17.407456391425438,1.7103020498506682,70.33154124774784,1015.5642170545854,0.37846087254683,0
11.174891022866824,16.280778205245575,80.52242172887071,979.0032947721672,7.0014716334500795,0
18.643264739771084,1.421059421907458,99.98307603909572,1030.2773969314806,0.4686593054813526,0
23.519667733509536,19.390093682703647,66.1557876362264,1015.8468328191792,0.6900073287920482,0
16.148872040668227,12.72954256690394,73.76038624034129,1001.8802584770652,2.200805300381365,0
14.672888509352697,10.194365611778085,80.82855228157212,1017.8117385661069,10.344606749735142,0
13.168079653658998,1.3559271469184235,73.91765210461764,1020.2320097334799,0.6797314785977164,0
12.084719076328055,12.051331067717733,66.20855117355723,1005.9575440080278,3.5275145224803195,0
19.327313297478636,16.853747807542533,70.34286264767685,1017.3751289362285,15.00666198622234,0
6.398422008847884,18.85212023935859,81.73944739474777,977.2498936608655,3.369787326945151,0
13.910364532072668,18.75913127444893,64.91304593608152,1021.667849932032,2.0270744958722076,0
31.77608871859951,2.722513548749383,65.41584078769294,1009.3310905840527,2.0326700090074037,0
25.273282394146108,1.129682623868175,56.7324539040997,1004.7940582231955,3.0871641334387734,0
20.430923957809696,8.02320225837003,40.759423670163656,1002.4910052903891,16.83657729493674,0
7.780316526737021,4.73768270190911,57.09273889925747,1001.8902436607427,3.0602753895849073,0
14.304856709883836,12.354501489768733,79.78495507265019,1009.430595412752,7.477535105010256,0
16.318308231827437,4.1359752037536195,49.16684485550479,1013.0005682551129,6.773889151840154,0
19.53672808353985,4.34681646737881,66.28371372640436,1000.6029740174785,11.817606351034765,0
23.78776595837656,1.3540414572486228,69.56795957988368,996.7149747098488,0.42745415369379364,0
17.68675888939089,25.67671331856038,73.61860372610094,992.9216207386046,6.060003392941046,0
19.66234041879435,10.75584885891871,64.3247217610035,1011.4531805532574,0.603194516504489,0
20.939279440688676,7.1279101405241505,79.29608177054303,1001.8951141762668,1.675089645121938,0
15.676702738977292,4.7155879297284145,73.71680771578123,1026.012983317776,0.403250771168098,0
21.42794873149208,10.144618235122163,67.8752712098481,1008.4363686256343,2.244468759905774,0
25.017676659770885,1.1473809550171603,74.43981857264443,1013.9296375261782,0.9203239623199939,0
4.87591471812944,9.810734233162785,108.23514563076583,1011.1026751858466,3.8850061008037162,0
21.083805465864902,0.5163328158155662,59.84214643520058,1014.1555074147423,9.041850346675423,0
15.621022779975494,2.8631886758637757,57.60832012428187,996.348593231432,3.356448295112079,0
14.447349603368961,5.2324894355089935,61.986395920556106,1011.5091096362507,9.052868889069899,0
33.38430185090252,8.246110153980522,90.40173850270469,1005.4689241062491,1.9196238022691656,0
15.53304625145055,9.001625328667256,65.27195610754782,1007.6184706495615,17.552308606412733,0
14.593098824652131,1.4575044613225283,84.51739036037806,1014.4510425483271,5.1473894111949345,0
14.005396720406175,15.266866036488427,72.57264322292265,1013.9094059828092,0.8471344764783593,0
21.162271083211504,2.3484433405544216,62.88732737344053,1012.0101498070866,2.5752255287813046,0
15.88642770153645,25.262294265025247,59.60033881616248,1012.5434150929852,14.76878517772499,0
13.889619940860364,5.146000942652068,51.71073300216709,1009.9489542443473,0.6580575614469336,0
14.712931031445581,5.124441440107727,88.13398209553856,1003.3850725607186,8.127087331620938,0
16.04061617306567,4.673721522712178,54.733535363845704,1013.8095283569342,6.141811256774967,0
15.775261847689153,2.1119248353923976,57.82117511338011,1007.2548770045107,4.947084737564512,0
15.408736805693987,8.640871910500847,89.87914135655556,1011.1265768875064,0.9588209103286864,0
22.282942209431752,4.759466228302757,76.31445290691106,1020.016535033771,5.259469693747764,0
26.31866416071737,14.143928320876784,74.57864689797029,998.6194168134473,7.98311571580673,0
19.822398639232457,12.733633745807946,68.87515571309169,1001.4243242585386,0.9556657224086265,0
23.48273559115127,9.664861891767073,37.13119223252078,1019.6954806688909,1.2133071296641869,0
20.356762454138643,1.283810469549652,67.24196050275069,1011.8823327270113,18.39664231913008,0
18.015738634531633,39.85746239712025,88.44985552658025,1007.0940152265687,5.083655952222431,1
15.029421847560076,4.307934830300976,103.08294352398121,1021.9933678092825,5.2882365042514445,0
14.301144180135164,18.558534790312862,49.98084089634651,1014.8892723963903,4.1351694432532895,0
15.718484837386903,14.362727779971749,56.24266762943427,1016.6980809800934,4.206063985039436,0
17.021507344265494,33.98923076555259,85.90134609862999,998.6571954685377,2.466849985075385,1
17.24133120789746,30.303735413150065,82.01148140109386,1006.0781843880242,10.653702882814676,1
14.721561402692782,12.893778690672981,66.46433132714998,1020.3380537600863,2.92285284478043,0
14.55632141024736,6.641064587952706,61.690471771338295,1023.0871667892228,2.9270934617233935,0
10.639814634866042,7.464352566790663,49.3924776265201,1004.8930138649024,3.71436347581243,0
23.704316078053733,11.108690734334095,56.102994726383244,1000.3987126135172,13.546239116586559,0
20.824211793000615,10.433291195260189,94.53696709203723,1010.8410648788849,3.5617404515091,0
16.323963733702907,7.891068667626502,59.96872429633682,1007.7537707640852,1.074260314606855,0
17.42598875620468,6.286395770831904,78.5015758927627,1013.1265099120732,3.553562601263522,0
26.912271082786575,2.7855654425901073,59.396428312936045,1015.2150252556985,1.053202355896254,0
9.021784136849925,2.843050891945535,65.04864712447844,1023.443182079872,8.701067523119544,0
24.466296384650754,5.4078421254846765,67.4022424090574,1006.7333724154981,19.561481012919685,0
25.991609038205166,0.07385031969425601,81.00321720258799,1004.44555207135,4.210907331810655,0
18.109328710911115,25.35410987728715,70.6417435318648,1014.941802142808,3.064336092110908,0
18.776624995997008,0.6710103307627977,75.97220897683806,994.060362701767,3.172545678807437,0
16.948390022480726,6.078241099695139,42.60721225874934,1020.4735174245305,0.8972511118503558,0
24.44037862426189,10.906805127395165,70.2176349889398,1015.0848555614738,12.1639000748287,0
17.05644935753707,2.3489786258445373,73.48729927629051,1019.0149653314273,3.7756697525268152,0
28.92547447518056,8.14754143080812,59.69926985495057,1001.2620537875881,4.161501529512491,0
22.813401174431498,0.9227126970243187,92.62018410684665,1004.7956101460788,5.911070480371037,0
7.627568244918443,5.80896065014139,69.66947703993594,1014.29178119875,10.704082857181696,0
22.158187794757886,2.2754209615977765,65.1140431712433,1017.4054536587444,1.8886731341513112,0
21.546762572276585,0.489606116102474,70.29187383278325,1019.3998081809282,2.521356397723325,0
16.052286027084232,2.2209022825010862,41.46895527180341,997.5011068876096,12.350062687041653,0
18.156979327663883,44.54216042922717,94.11367459599265,1003.0713487652799,1.5209161662963502,1
17.727704302697173,5.728260002207045,58.41377513484118,1018.8954123116903,4.467811619721634,0
19.004225465578546,21.33985158334065,71.5118660896721,1025.436977609924,4.129334557098908,0
18.42694305067479,8.04534465307152,43.99795752945718,1012.2149330713283,0.10630665598636334,0
22.78147501045673,34.678081469049495,104.87009958779227,1002.6455107960795,4.011328942895021,1
17.86697447481509,18.394561063975754,79.40432122384199,1007.2294689972091,1.06127850502785,0
11.040208095241343,0.41950094080730316,95.56153117088677,997.2366407937346,5.793263172009636,0
13.848916405538638,29.718301722020076,82.09548136986564,1003.9948898181484,0.2847559133018205,0
14.165679809977238,27.18600527545924,71.02108403872931,1017.0612854910933,8.683413582074433,0
23.953730580126237,10.427608159525663,70.48749794331793,1018.0559383499517,0.6225151446166626,0
12.631556705411237,8.976983444081588,71.21623814351236,1033.391289515689,0.05048896295247788,0
16.329559206123328,2.1671487418012996,79.67556783173495,1009.8758678047441,2.4193692101066904,0
26.366819730762618,9.258178644358017,61.15821400091922,1002.6519629278964,1.2275836158697908,0
9.716537402202048,33.820261045140306,65.12255901367563,1000.6288295476127,0.13089331370830132,1
21.445822285371676,2.246136717730347,59.74548576570419,1009.4953695259716,0.05009630155306116,0
13.852462205589912,0.8857567742582315,78.82751179391792,1016.668723450758,12.333692694100975,0
20.1800288761129,0.5375195367858119,82.65759264462606,1015.2050188307697,8.024295699451612,0
20.130515654916984,7.10250685793965,78.74021219522778,1005.4932098350226,6.494400171862972,0
14.538246128831029,15.728156088659846,60.11441087667033,1005.751009107972,9.213647019230539,0
23.290111940579063,8.08828531528699,81.97089810028513,998.2332817092994,10.958448458592436,0
29.37912713823819,2.088707106295546,57.21663035504014,1009.6076352630125,0.45025875581324126,0
9.226056289388065,8.19020330158421,52.485223268253606,1010.0914067582263,2.917574925717928,0
19.365053587471927,8.810547149463606,38.880399436804474,1001.1857509383265,0.2719426910483822,0
25.02082970050198,14.062217585225419,55.11934658834299,1004.4630484686453,4.3011605134773765,0
15.926865497140685,11.940654246732532,55.07239060151144,989.3955696259092,2.7257880800598078,0
23.454833372597097,8.257895573292908,76.90081512169667,1012.2650535211529,1.5782381391324318,0
23.202154463224193,21.346073319931122,40.674268445225756,1012.5442645742672,2.6407382873178316,0
14.891153235833993,6.362017884461855,66.57957955322681,1024.3882637945421,1.795261993738553,0
23.1472027796352,13.822984251367282,64.94657309822293,1004.1409403931882,1.4517496176464921,0
16.256177676501792,25.352292708595755,85.00194003630972,1034.372425759242,4.536575662909962,0
23.79919983194172,7.408390715827052,62.41050701518217,1017.2435451126568,1.8433914961179783,0
18.305782299678558,20.366975721761563,58.38547866842718,1018.1086311559835,0.185087601075609,0
19.454823650687214,2.227308090548245,62.394870110949164,1010.307475830875,6.463440314127133,0
6.352791744387121,1.2017101076727734,63.909990041372616,984.5326788823781,3.891641864669493,0
15.855760371969634,16.493824369740896,76.2375525442909,1015.3148968814666,6.0120013803604415,0
27.174100722933513,5.310584998237119,75.9784609883801,1001.3056725196313,3.7187541607196106,0
11.010972607878514,23.737221616993832,88.03864757837842,1002.0367335467048,2.9874034185333906,0
18.839066223378946,14.12047360170218,69.59873131638793,1024.5632847197958,11.256968633491734,0
15.000889883400752,22.886517205275506,46.61819507464237,1013.0983759319993,9.794287172239418,0
21.305513888405866,0.9296352899619693,63.98627209683809,1018.1576516498999,0.9820913253210378,0
15.666205940242797,2.892726762642045,47.75523352026373,1001.8449729812978,1.756140208967916,0
15.995630218725129,8.492954214491728,40.37993658119338,1002.5092078334872,6.861013164893697,0
19.36210698326805,4.034681565204138,76.26197634731942,1003.4159006488165,0.6981381884971,0
20.312269930635633,4.24077810311421,60.92399817827891,1017.3400038481356,0.3267124019240458,0
11.320687979156933,8.103459938958355,80.86204838971746,1031.1441483430879,1.3275651870097747,0
19.875845070292346,19.980679331757038,86.69767439951062,999.0689243939988,0.08128031548049275,0
10.647552243843748,7.8413246908639636,51.05845336452154,1016.7720852135018,8.128144490557615,0
12.602247941802853,8.252554862338087,82.34076061750659,1022.2438167011757,2.196633453230412,0
14.974218821970013,8.467947950326739,83.65627749528355,1003.1306358205575,1.803182528702926,0
24.963274441420257,6.149757799319291,100.20548375997036,1015.6225028316971,11.6793456719585,0
16.95665814389767,12.34088449706281,65.30997331401464,1012.8405657052987,2.681633284170006,0
19.287874854445974,0.9358556033682709,47.492984308254734,1006.53290467124,1.7208843914408747,0
16.637949916981565,9.06498658841598,88.50586417504289,1007.398246502044,0.46991036522500523,0
14.717850181929373,32.582333422876076,67.29728752940696,1023.7147478214092,1.2654535496152683,1
17.03147310097519,1.7552601689134826,78.10431916053543,1016.5450575272314,0.019188224242571057,0
18.465793899588263,2.7197257300945896,72.62762423963504,1000.3472366040045,9.89685259238518,0
18.991967585887434,11.368491884830137,69.86226469922292,993.9047901691902,4.080860469667863,0
14.513454246504864,3.6284765860434165,88.38205817971703,1008.1659001270796,4.246843848553109,0
14.141295927016088,1.79202731308679,62.53057229773237,1019.1183177851337,11.809382522213827,0
14.655619827784935,36.923723354350265,76.5261750727879,1006.9452997075214,1.9893830383155682,1
12.730822523178272,5.6182292251370045,76.41721592729355,1019.9971480326544,3.0203384985828814,0
13.509153084239427,45.35639002679546,67.62144861480671,1005.1302369981199,3.287936638526566,1
8.005555465693751,13.065233793361259,70.51044379520022,1014.0795690975065,3.998601050856734,0
19.775128089674645,17.48057809145918,57.56336229048932,993.9524501208903,1.9056653427178594,0
8.964793025340919,32.59995839168159,65.87732048995312,1003.7151429368924,3.7413671202917165,1
16.536846898348973,0.587940691487775,66.45843983621188,1006.7231345867121,3.1213739138816177,0
24.81614487566125,13.45055124572193,65.44560890652998,991.61223282021,1.902414765694937,0
13.926409093829342,14.87198542308982,68.32763819312332,1024.4180532901592,0.7013769175005466,0
20.158158148187987,6.582149388799056,81.09513202176751,1014.4620183628948,16.87332897110837,0
18.09540813889884,2.424143534314121,62.13460066477625,1015.3881692818112,1.2010510454636378,0
13.456151645960134,26.81570022864904,95.26787251905178,1010.2479863462861,12.537082354262397,0
13.578554985058409,23.44591752280767,64.00026958256635,999.6985773477717,4.826372949618066,0
11.346474343345369,9.138213937345665,37.330484017079684,1020.9210296101934,1.6092300980850547,0
10.617681791890991,24.03363843805057,60.56414902962393,1011.967423237657,11.984785950641347,0
8.53618911204974,4.989614101781276,74.67236288196685,1013.0556438435705,15.847970960885409,0
11.730975864499957,6.993113405610428,73.12082547736081,1002.7686870198274,2.0792668571670765,0
16.973579902518743,2.1423288069852813,86.77824916382988,1015.8679737798473,1.543422764910269,0
14.627928427949366,14.577190191153024,60.48680209471709,999.5392098414675,3.1319958772761067,0
15.14842966106767,1.6181257720421236,52.31337678455728,979.2884901210098,11.551078785540035,0
21.889861817333216,26.593368654707664,67.43880040752539,985.9376184899011,11.328192951516181,0
14.143998502253547,2.609963692510864,43.390455758318055,996.8582924089517,0.26883532888359096,0
21.966746618430292,2.626374054535768,76.27859328986732,1013.5953594351787,3.299202732598623,0
19.709126069774833,2.2384962501067225,69.09943687467154,1003.0238354939095,0.9482858936821208,0
13.229727729477062,4.770130953817323,73.22831099425326,1017.6655135433778,2.6546871574718143,0
19.599825955725816,9.55948360763483,48.89584899230246,1008.9844179632745,5.237038989957396,0
15.588638948992418,11.975618862576379,48.84359194263656,1020.8582131922875,0.4909322412956544,0
12.81845376313115,29.493002880972853,66.94808288379542,990.2079414075934,7.268672289333832,0
16.655419026510994,6.8905275931885015,84.35850711623029,1004.1711327862397,10.09275399054457,0
16.36663376245478,8.354549852772783,71.87128149495902,1004.6782754375655,1.2981997778458232,0
19.92736535228476,21.412752872710517,30.71271692419991,997.094772727087,0.035609163241203536,0
15.588432145318485,7.781945920487244,86.48475036162947,1021.8418101636721,15.615562696167357,0
23.18078630569252,7.578776203508225,77.93162017538329,1008.8312687163378,5.137651295319738,0
14.442689029581476,18.48675921651239,64.23314681534363,1024.0723001138363,3.182099369955958,0
11.957047378788289,2.2180667008207906,60.60663106545325,1011.4494924020546,2.6665701816883876,0
7.028087650899879,13.809971173267419,93.99206410170684,1015.1177897865049,0.19793122838214466,0
21.09362919052233,2.158313140605728,81.03011731296694,1010.6190810403,9.007739350042165,0
15.581914302222817,5.611507853290849,82.6267116217602,997.8081417223481,0.15780489706512146,0
17.478810102509826,29.356329560012963,58.197900146554225,1002.1550392761046,0.4353062753608371,0
18.677817082073545,10.99723477185524,80.92777965271804,1007.4792403409002,4.857792611879789,0
21.360174728277208,0.3957220783834393,76.62442972628374,1005.8239403222813,7.2786157023972855,0
11.802188569598801,7.6261395050527705,47.45694086976416,1003.3186406996839,8.197059449480866,0
14.09363750152803,3.280511925163256,70.28808952005538,996.1037032914445,10.036349995539972,0
17.10374487321544,4.406852222652279,68.34991751948422,1013.3121927873852,8.485703175586345,0
26.090962447195388,32.08731146793607,76.92137249437778,1023.0094151303169,3.399591230756449,1
12.721802551007018,10.987388628676559,64.69471360649491,1016.4733268551348,4.418729386935728,0
9.860570305223916,5.901030232149898,62.34818890781686,1017.295193509862,2.976769445859275,0
28.179367675908964,15.323465580557293,77.03467117222702,1026.4039728093303,0.8161897812573554,0
12.092384191676864,26.97824173739173,91.76881985431919,1002.6058556839731,0.10275405317682842,0
17.68213230406939,21.05805786073696,48.23608163333164,1017.7076880643514,3.306274898357599,0
18.244345916525766,6.742255230389045,73.14873300975236,1007.3626496236865,1.418220596292309,0
18.15745781130998,11.303933532880814,80.35110514504919,1005.5305227241734,4.593432935692051,0
19.68681533173433,0.34899878772847936,51.737797191462484,1009.914147981404,1.010109253519828,0
13.100372126088779,9.75967555656707,40.63992116299015,1010.0696422344193,1.0082872622804326,0
13.985959825256213,8.532576598372877,82.60535235903326,1030.3615618635883,6.7026965718541165,0
23.83754911493223,5.66985268967653,59.14052904298319,1031.8849898609599,0.09264495197656998,0
16.831474941457707,10.612998029663263,47.19600878658022,1019.4808438743609,0.4484983081338705,0
14.230689431545192,4.411801175497202,75.73980327216238,1021.6034818096697,0.22321375867669724,0
19.598949972780165,2.7001653949492783,48.34664448724412,1016.8687522320289,0.3467026652631939,0
16.930624162226806,12.741569893093647,84.55474302682423,1008.3101350184515,1.0614963868587823,0
21.84324043984099,7.279828184071109,72.75699059490144,1005.8561020803477,4.2419633927642515,0
23.193030346044083,5.276730594065331,71.39737506549613,1002.2346365545862,1.6296455393613432,0
17.83724888456143,3.9231196495963703,68.72711432515972,1011.7380116487734,3.0889810195007477,0
13.300160854249668,6.663930594939735,77.14976561200837,1016.1224001490691,4.920964848677237,0
19.990473896766403,11.057985943710282,75.27110003263425,1005.299285004113,1.5381745432363305,0
18.757015239758662,14.01666765314154,74.4767772097216,1007.0358455634524,4.809228852534038,0
10.69003110086561,14.695612731873183,65.20764894140997,1015.4287334810367,8.651259519282751,0
3.834848549286299,3.775106588685586,90.38784241246037,1025.9905451547868,2.6460759417120263,0
20.815992017336562,9.921442077096243,86.0829507390773,1020.1222442345384,0.2668250795077073,0
17.345370974369366,3.043754097109155,86.92359674903255,1008.9347089480592,10.89438884625498,0
9.902219856162972,4.753741554317399,64.1361541071289,1012.4213315567403,3.231859053640961,0
18.036813407117837,2.660833644975274,47.82179594501802,1023.8548634051809,7.375077418978073,0
15.763133750793923,2.589007606007266,72.45147640880698,1017.4544728205693,2.3895684852319725,0
30.48707563209927,8.207317917536649,70.69009580104512,1022.8404100683629,0.9704238267797637,0
0.305711374651203,16.752193619788795,53.73634369582436,1011.2273216163827,7.265528816912251,1
13.244078148060218,7.306406097242572,64.87267269630797,1004.2339822325703,2.6097406413468907,0
14.31020721837492,4.831528522947882,66.83396995172208,1024.2375407530728,0.9362781064946929,0
18.341857829838293,1.5952801548030724,43.802999116314496,1021.7925933461013,6.271110699531276,0
28.013413832042957,27.758679390689384,61.84790339119685,1006.2343337850899,1.7996633693196038,0
17.47516146218188,0.09353902421948293,79.19186112374935,1004.0917188909252,3.9249739427277537,0
17.625103704612243,4.133269728927252,105.27657758458082,1004.4795638483694,10.155203773885003,0
14.13272077983285,17.11624878411772,98.48102472032858,991.9668274631128,0.2410229671012376,0
19.336159754243813,11.042683393502855,67.99731815673489,1011.4368044501773,8.367580234466766,0
20.252478618890173,3.866375954000039,66.07362564668358,1003.7255716452349,0.22436494557164627,0
18.365290960747814,12.742994675327362,45.643921268241556,1006.3008953054285,1.056158252895623,0
15.760193307750125,6.633141241161319,51.77790796167035,996.3192589146801,16.60953029886723,0
12.46762721943049,10.260489065290672,69.15916651089704,1006.1740661711262,10.397555710268238,0
15.129587114563652,14.20408783409194,65.78311772667871,1022.9329949524126,0.2753259933485091,0
27.749875204980505,1.5140330208952713,51.31386324649495,1015.2251007021051,3.506603260274637,0
9.154748481303006,29.647212358605444,75.50119611838386,1014.9018151749074,0.4060170148164949,0
21.774495832749416,1.1219494985408802,51.328496887462265,1009.7351637171117,19.144263705883088,0
17.773728490178318,4.527470747049149,51.50348042477717,1000.9731140617793,2.8133710460778256,0
19.695887895677423,3.2117685556851954,84.49816375780918,1003.2366684855575,0.15855541943907828,0
18.14715295838776,3.6137314330720742,77.74966668903951,1004.1347100690737,22.71074879006119,1
17.07057281963552,0.40084709247155814,59.05195620306112,1029.7439674448003,14.871441067662328,0
19.02537669617315,6.584679346268399,45.64926205088135,1006.0936346924865,1.0770497270611856,0
18.917232881090676,2.415173454971552,58.2275514485105,1016.0125796204363,4.260618006565019,0
20.260339191298357,28.50514882534567,64.6603887342125,988.1550726494819,1.3332426819546541,0
19.36764385570882,0.510627962417038,82.73713908898287,997.2548089269263,3.8137397336287093,0
17.30958832669259,11.837236830249843,78.86704176885898,1038.1598590372273,1.5583324957863818,0
6.046089228373813,6.068791706761914,97.76581265274649,1007.3829900618416,14.120673332059962,0
16.57581531128899,6.857647488912941,68.4070886494037,997.4335274937096,7.145270456607442,0
18.842567011667146,41.94990106945152,75.68250449034218,1016.9537723640173,3.02427662023461,1
23.885924815921694,6.541860003869983,72.05119971098846,1008.7547757556114,4.327154079823671,0
6.309137731533649,2.0958298010258862,74.38295942325011,1016.7251969834102,5.015632221525202,0
19.094819579279875,1.2892562944110644,57.37267552197771,1010.5321219710354,2.577394953237353,0
13.895699899185479,8.887005412139429,67.87568525484208,1001.5709443567569,0.960566994209342,0
18.168595274505265,11.629487852247962,74.02890371566447,1003.5068962462962,18.621675778110504,0
16.60142355339814,3.372351771227728,97.91886060970793,1000.5372436826997,0.12503696128278355,0
18.8029471658588,3.260309984573633,90.43198605527618,1013.1364036740782,1.437755216095028,0
21.3301728669493,0.6785148555687162,80.08938641307928,1027.707056507338,2.5919333869398975,0
11.861600177719714,11.074853073391695,61.130829859454415,995.4341202674063,2.9591727283436375,0
27.32922276142635,2.932271247143336,69.10948823152893,1023.0913664196328,3.9198018093617755,0
13.392744882855393,0.8982666879216906,61.51910544571898,1001.0962294173992,5.857130445397887,0
21.138056062962253,4.949136369817238,56.48544972360617,985.3802029411008,2.2920238492397984,0
16.49509843803389,10.898538382002938,60.52844458775225,997.6135387288592,3.081881033331773,0
22.802889518544923,2.149859502183439,67.62023224796482,1012.1757953634296,1.290835624056351,0
14.732685521375963,10.19605794180303,64.2018757615336,996.4003080988083,6.154114084967971,0
24.138999939258426,8.15144760452116,81.75951476825419,997.318563483685,0.6180392868491115,0
5.981656994497348,3.118020788628684,90.88683912224602,1019.8153287529913,34.083633821627835,1
19.374563553937534,9.358884404633397,49.136588031118436,1005.1765842478726,1.4859428443305536,0
6.669739529253587,24.512535914335803,64.73832691597669,996.0940513906794,2.4187646959198132,0
10.764132031294661,18.116777906666115,87.85528043434617,1025.7215547990272,2.033401899137942,0
18.187709207434107,5.079135926196764,86.37708008611969,1030.9157636977855,0.06423802341811205,0
17.823049609130873,20.522300083002293,40.1527672180128,1003.2512150356988,0.7439246391498682,0
17.11933248224511,5.169219930759947,26.50729180197277,1002.1512375364238,16.27479245428336,0
26.863458304499577,9.144861556606642,68.2137078475591,1010.9373330317385,2.531606359255136,0
21.989253506910693,19.740983706146906,41.898380440680754,1006.0149308211749,5.524458632420615,0
20.43085620732937,7.8280525484299845,72.44599515828367,999.374924244897,14.629040159748975,0
9.238114524295016,9.33155453200115,57.08906254906992,1012.5370671949181,8.590030038114676,0
13.513725362509419,3.358145321856739,81.19372809147848,1003.2184753880244,0.2901685043589791,0
18.514586952616185,8.217733079230124,35.28933900999842,1001.605184087272,4.742576357879139,0
24.61083573110563,8.8038180141024,101.31990523765141,1017.0771488286613,1.5018050313172662,0
18.005549723436467,18.35352490411513,46.83349227627633,1019.714218648162,2.1614250177373515,0
21.38258277390495,5.186120958927265,51.45005549972402,1005.7329363226921,0.3158527962202368,0
18.682986977943763,1.8251722187543364,70.38077916958407,1017.030651467411,6.085909424118016,0
15.361574027915204,29.127438236266208,96.01649637681079,1000.2475907489973,3.1260856559324117,0
13.937271149390071,2.0903387071022874,101.57946144187468,1042.401391486368,8.319572083000224,0
22.476026175093125,13.29992313521503,58.45609803246539,1013.2604437636586,6.375845698710735,0
22.87856688834625,25.24116620948151,70.01133261181893,1008.9131228341334,3.9077063902928404,0
16.10861727711296,1.6028706739959624,74.39427750278253,997.9841181185948,6.2655974958770075,0
19.199288729246483,11.140689403916667,77.29464990025332,1010.9427929361428,5.621649126426531,0
12.818175579339522,5.403373144728948,72.48234089683841,1027.4615377955106,0.38535669230255887,0
20.174705191839493,12.906669466377693,64.09019978135319,1019.3872361623816,0.97206571640629,0
11.884305927952884,8.680448400777337,65.72631478183803,1016.4016963612305,5.547162726056704,0
20.33975211065926,4.1015160030399285,52.44578940404838,1003.3556281789465,0.9851930272406105,0
12.864412878906082,23.21932124036366,48.46966126013379,1004.2064616716234,2.9747317410189362,0
23.7003392324758,35.480715158700065,57.443647995774406,1020.9948702533308,4.171976479652153,1
17.05644200130083,1.7106791533506651,72.0684366381236,1029.566099625857,5.257782756625534,0
17.26329886689247,23.144312142180233,84.45888134583356,1009.245868190938,4.6218934527791005,0
26.294701517157826,3.939038959939744,68.33812786468336,1007.0851057874664,4.881722406708588,0
8.172220542617474,5.767849013146609,61.193270940697786,1002.7619625564834,5.842117139979908,0
15.43852426869514,7.2272248244927715,60.76065709729872,999.7626914625283,4.480087004128492,0
22.10116199152992,12.599272731140589,82.25959305607489,1007.2111636252683,5.139997938168065,0
28.265700918706038,0.39116735538634473,89.43740607659038,1015.6642502798777,3.4693207914792286,0
11.274927580346656,10.294651695317697,57.08425491751637,1017.5069279512899,2.095291003485983,0
19.950769700067266,14.68686491865232,84.93840123383868,1011.5960824740083,3.751891484813996,0
31.2100595524631,13.835595247660255,78.97148732571199,1033.2100399606181,3.292990674850875,0
21.01739020833992,0.9833795676655568,81.42508279442502,1018.2595415562006,1.8676765761821783,0
22.335937064138694,0.7510859633258703,62.539684428788604,1006.5869015379016,4.494523097197393,0
20.672718067280954,27.487812466612244,57.48356899723529,1027.3694294301931,5.848407786432919,0
11.608236855988379,57.08778313507593,56.56858058612438,1017.3882328345037,2.194770611492123,1
24.40166151935864,0.5041034656919646,70.82563835921565,1005.2360223939849,7.178110490598614,0
24.10647472842574,0.33997969868477945,72.00937570870353,997.0316615283202,2.9644550631548627,0
14.71394145894455,0.7512922458664466,67.96710596531693,1017.7231458444071,21.176361892871626,1
21.72680362038938,0.053633457543027584,71.40285244657915,1013.98448045512,0.7524901019642395,0
19.227020306029058,1.0106514479934616,80.54969592186387,1008.7767661786726,3.908652345673216,0
12.283305044580697,0.007898229212405355,71.31210630521109,1017.0623097476707,1.1700867439698928,0
19.139955818545303,10.944395155187756,72.70158201198123,1002.6867539305139,0.8952249786579027,0
13.523228131704,6.224855852693554,85.94280539549824,998.2675431005233,6.766964373321207,0
19.774369014680232,3.6045399074517204,55.69166367380031,1014.5325450128577,5.825646375692251,0
16.965077054508157,2.83963758940748,54.5346208727904,1001.5378671471226,10.673389055687084,0
22.416162876544902,22.239607267523837,76.93393696681306,997.6742394538452,0.45902866723904595,0
25.651672821772056,10.771147657250166,58.328578212509285,995.5835485348919,2.37427649339161,0
22.133514871907405,1.0863937937254957,70.48381343591436,1028.1660616355548,6.168134744162453,0
13.989002959824104,4.067889899433012,52.792607334824325,1010.2846344841915,3.6513210227124233,0
18.108647454948613,6.078904499642351,37.913288133537236,1008.540625638867,12.899501098208294,0
18.318245307482588,7.961383375868713,64.42331482714768,1006.3695013631142,5.281558624441863,0
10.835254581914562,12.98764173969264,62.66511565632287,1003.8426254179079,1.529049945013967,0
21.622958893615614,2.969950364710894,76.7272818129466,995.1758585894113,3.6277927864428436,0
16.120321400432104,2.9235129399663173,40.90891887787188,1018.9001012682643,2.3994366184364564,0
25.897189458474298,6.008214416246606,60.82360540743123,1017.1119245342157,0.4994140443591887,0
8.388429472730172,2.2373003296890794,49.853120985331884,1006.043996267543,10.460020234322371,0
17.214875857776462,9.306413118003238,51.84758584878763,1000.691147562968,10.166572458446053,0
25.637146934400906,8.400687394105782,59.09350689736053,1008.9836415227095,3.124541338296626,0
20.08400787241557,17.84758753894771,87.50681182004946,999.6037092158108,0.0686686157932912,0
17.918413938269886,3.6128490595928575,84.7207598841255,1016.6941619118688,1.7531294862687377,0
4.43693718094781,5.285192100509374,67.75816460252517,1004.8955779323345,1.0950639622354132,0
16.11441063153276,0.5692214580874584,47.86882898358965,1020.2251279369601,18.086462550411607,0
15.238693739436957,4.429195894483672,53.54284525556779,1010.8823575388595,3.9218798270213013,0
22.869525599966142,10.606748686491814,93.6974457808543,997.8794334827344,0.22900721486151393,0
17.68363020051542,7.976687173834806,60.103770381190515,1004.9616074611232,2.505066681426538,0
20.803262597893877,3.8067850212176846,53.71116206065548,1006.8977899275027,3.5015647111105066,0
16.672197437407295,6.745483675539895,90.55152780415557,1014.6675520483858,3.3711797376761736,0
21.950077044890897,2.979959422719944,72.8951228549807,1019.6460175730369,1.2496686886476627,0
22.146618862914313,0.4514963912146639,60.52522713229534,1005.4350270153163,3.3884973981575217,0
24.42218526388692,21.256997646218885,85.29664790782432,986.3130879314784,0.25278184260048686,0
14.220246466540399,1.2076969494142404,75.4066251443916,1027.6702449439586,6.225224015888809,0
12.67877644033388,1.965632996048391,79.88431202171554,1005.5366792123282,9.956840161732604,0
14.975466180359126,17.248569528353002,77.46682464126665,1015.0521102408569,2.0564253199856806,0
25.03185202508247,3.045008576383135,70.40883448540869,999.4377595933197,4.400527860497482,0
16.06838762276412,4.517935750985179,36.92058440866141,1017.5894431975867,0.895156450596143,0
19.33349894751036,4.803106605123801,75.15801719721905,1000.1160556153312,6.52579373729504,0
17.2108124507987,29.999653376498543,74.62438095458232,1011.5103290905514,0.29414873934559166,0
14.798406204102921,22.42188146617884,100.52513664002184,1013.5820663387037,8.906291774492635,0
16.18826221226949,1.3808908649535547,81.12733441585189,1033.9191993211953,0.15730165263127857,0
14.163095967788458,3.2143971483750464,68.83340949603375,1005.4389515025024,11.273740203325946,0
11.954006443801969,25.475483400285587,70.8511252494523,1018.1057792033,6.175265899670636,0
22.503538595209978,2.2356841792780147,79.97907259435142,999.7893700179314,1.2405298693948252,0
25.244100541688578,15.322570718345371,65.27377108136615,1024.3036279911835,9.120022884316285,0
16.85600746092827,10.635610768293557,58.691627071679626,1000.940348586823,1.8905228884398362,0
16.26614211616644,2.351139418092652,61.21310914826965,1018.8091516903324,0.5517553877433996,0
17.518266842528536,12.739230051471193,60.7545185622649,1012.855558895404,12.792060180809035,0
8.26328762929593,14.127968027941124,84.67686708499825,1018.6118453776378,0.2026060715679061,0
12.600969161534186,18.288885261021615,101.10668024204925,1002.1369594686167,1.2502478415255556,0
23.506650824447753,6.409593414771889,80.74510120810616,1001.8229584801393,11.225892653570044,0
29.020930839431113,6.888945966547784,76.04416860255405,1014.5704006559637,2.6424436887307055,0
15.54219030490535,17.499500468404634,48.80911361649166,1011.3883208271782,8.201979725700102,0
10.262889358154244,4.361472401217594,50.760558521095895,1017.1707903699617,0.5786226593451504,0
17.4272028626374,3.1660485956979327,71.26141582375294,1005.9802902794304,18.06799718371234,0
22.648701124055787,38.98827193082865,63.51934278632839,1028.075903221923,0.5309867950099082,1
17.281702350514408,32.25557056976925,67.5237915249543,1019.7336595248562,2.5344584071430387,1
21.119479715382884,4.099442156074044,68.26869548196382,994.163920655798,4.012899142017238,0
11.231226626451207,29.69169818073171,81.01715117501827,1009.8666715296354,2.0275843331122867,0
16.28646723193368,5.9624447664146825,44.00689522531556,1029.011207312676,2.6794083582809773,0
22.49179784173493,17.913872307324883,86.87165079978719,1016.2428795664885,4.3997311566443225,0
10.874111177496472,4.616193729546584,40.31052545444755,1008.5180645861749,0.7648492058910128,0
16.705306017108047,11.490730092891662,67.1821089848692,1013.9573546246505,6.540714840839524,0
18.705777073455973,0.5344913101444707,101.48098531075638,996.1459060818187,18.664853198210917,0
22.53272078554982,0.866900734969655,71.08378072356874,1007.4359744446771,4.394454631891216,0
11.31462446056081,16.94058614072841,50.99654930610109,1014.3866796255826,3.414286087648706,0
22.212569482275022,6.923842956281919,81.32438149212946,1000.2961601824875,1.6457382048613476,0
26.63776021310341,13.134268091253471,59.97596500233827,1004.7518716631771,3.773346094893144,0
22.400329814786712,1.2549369577136735,48.49291264107379,997.0905674967478,0.0012148197393121848,0
22.615066184472497,1.3574648146529475,81.06438895195754,1002.9412098593979,4.689763245864377,0
17.588731501642734,11.440091460496935,74.5967629444501,1008.4770202150586,16.595920786641003,0
14.796581816461135,7.743157497530402,60.22288932889437,1006.3589377861078,6.079018237562055,0
11.57806481963743,30.147387958888547,92.13818725755948,1007.6690307896286,1.4534518566117547,1
20.74063164363645,7.640427394331647,78.58577848461854,1001.3943021057744,2.430329478827,0
24.764002674483628,32.910382134558354,63.00138893195835,1007.8389562881669,3.2786944681838515,1
12.917378189086989,4.721047421663407,62.641437476712014,1008.5009888534162,5.784470051316598,0
11.273322562923793,16.93001615679946,65.78253936303165,1009.3637316255264,1.7723202427630593,0
25.073213337476737,10.163672485770086,55.38564158760056,1002.1815312597666,6.556206324886139,0
14.169773987998001,2.757485714220042,63.08099424252539,1010.3400925486108,2.2692192930234167,0
21.67860655509444,20.666552984773293,45.47959721868406,999.5959005812825,1.1614419569062113,0
10.467373709804423,11.31044449284091,54.9356415475862,1016.170630447352,0.3408169620991092,0
9.590598224887309,2.123138506563083,79.85801651944081,1008.6073129333241,2.3680665673454526,0
11.961203037283239,1.358581843325942,82.13669186097069,1008.4749992984969,0.8578638237625114,0
16.270095845487546,1.9117315447108982,38.932301761293004,1019.9333450160777,3.5316687108939373,0
8.851590923959586,3.4971189970148355,79.23950509070258,1016.1317400189157,1.0695666091172404,0
19.927347379241215,1.0271818805457007,65.73564834169993,1017.5340437087918,4.007197623179462,0
13.569798765108114,8.89969312236649,65.01130930225187,995.6667607161932,3.006205254850898,0
18.606636413728136,15.942907324636526,57.209724756507406,1011.9128826013625,3.9706033026118965,0
22.789969707400097,9.91870190148079,79.95318427747652,1014.7255739938382,5.655809316028659,0
14.09515146419923,0.24730168309727754,43.83152572152946,1000.7834688022174,5.53441293128177,0
20.192896454605027,24.442173441697935,49.44960058953356,997.3130802315683,9.82537020689442,0
26.93298511963348,2.9010460709960646,70.73987255049339,1012.0866348324992,7.888180037904565,0
11.88389884969035,9.454488601481732,91.36941598115865,999.6144369396411,0.5712352437889626,0
24.462146871685412,0.721899779484894,78.85007141656706,1035.4039109768144,6.777875514206576,0
4.483259764463213,5.076426585058242,75.09033719134331,1018.9552553741697,9.39629377092509,0
9.298160871927575,5.820966897077566,77.51756896733002,1010.1109522031958,5.9079515619051515,0
20.894643242856173,9.615354772201922,76.900634857907,1007.7752186670015,8.8167423432607,0
18.340614250703258,15.52467999388228,83.17680359497659,999.8562504401805,1.209431818023183,0
15.41692900619946,5.420574615692421,54.651201649366236,977.455210587023,1.5781764493021722,0
23.977263558764903,0.2960459192117248,46.691604933286854,1025.665091267059,1.7738991139896798,0
19.95604663618697,19.502785150951848,78.72672655942544,998.9822563706023,5.957281256438961,0
17.925111131851846,2.3076474388773582,59.271685723009185,1009.0337046380333,8.72366579647599,0
17.459305048042918,13.640171679085704,86.68150928832009,1022.1792714197452,2.8264539334914103,0
20.399984971675188,15.408847307368386,80.44204362954352,1009.4073197739966,3.331281036291987,0
25.375561821549276,17.236020204702065,67.09858557128192,997.0502261136508,3.153287198928827,0
19.101837744190018,34.44287662727786,80.93227956489454,1015.9255530792877,0.16688171786272132,1
28.71503527292455,17.72149117051285,62.95353303494295,996.1856734746971,1.9081707950429525,0
19.104488280406937,3.3118759740944492,60.22134946921545,1010.448732356597,0.8630611768858822,0
16.5604696156604,2.6578525970018014,73.67557996473109,1020.4751363708763,7.2113716222096444,0
3.7352824820017325,5.929985914247257,77.7584507541608,1022.6684724056712,0.600113743970919,0
16.921064368358902,5.056546713627221,52.33357813012963,1015.1404814068646,2.45620236367057,0
25.75315296628834,1.8724600213676388,76.02196212800493,995.475016029123,2.7533689777829196,0
11.552597063951563,10.873942043616683,70.87674221058475,1005.5240280948359,3.3815901997765767,0
21.259419739684837,37.101982542723114,84.53560827453025,992.9982398738117,0.4726287888201146,1
14.064129650065018,31.99942087786592,73.05039189998152,1019.1803146867999,6.088742285000011,1
21.435335348180597,8.90937449955458,86.89521298652467,1008.4257866622659,15.713703811646988,0
21.837396722770652,8.75467721326858,69.97428769496405,987.6967957522697,1.174105860028571,0
27.40401759396658,0.037265959592833096,70.91542875334481,993.7753466910744,2.389856049498074,0
19.826971209625704,4.312020357097774,69.41256826835861,999.0976491981424,0.24572923237860822,0
17.28875785680107,14.934765999637726,92.72071918741605,1014.106745854198,0.8117876472440922,0
10.159278432899747,2.5885080586812013,76.85819595538771,1002.938713878139,21.29318664169854,1
16.242315618756976,3.690839735004288,65.85983407425279,1006.6092162637315,4.430059346893535,0
16.014423342160736,10.236260426213855,69.37792333001279,994.2037254744482,1.1586333469116996,0
15.04349276651731,10.613832045845761,51.3673139540726,1006.7511637800826,5.841565863293532,0
23.531157794299844,1.2496918049263244,73.01048041433317,1016.5893535485368,0.6108999602420944,0
23.42413870078054,11.868559041320001,79.77566614895369,1009.1439195107188,0.763491553734489,0
11.653544473784478,31.42254438419255,93.04235159282418,1012.3125774718409,11.587775487363185,1
17.57463412587434,3.152358625674954,63.90863306662654,994.1131186962241,3.671728902506015,0
14.400052333890304,5.862672821216833,56.13905788988402,1011.0653496705378,6.102393615144768,0
17.530627225133202,0.8905033887088158,89.72641015161706,1022.8459071868514,15.643024975021769,0
22.68028083968008,0.9594163285145516,81.65405054397274,994.263704289582,0.9996873104671394,0
18.406744416733822,16.62328793459307,68.56791033570852,998.8849461929888,13.94995551239541,0
18.080623939502363,1.8650156909813926,72.14959457500005,1002.7043698426238,1.850423878436581,0
9.115871692119876,3.2938720665360544,81.61870746597612,1011.7911401136847,1.6979240368908601,0
20.603447482113342,12.468852020033179,53.807007217509415,998.8193957201818,1.4531146437307154,0
23.81762929813163,31.21721890416491,68.79056787325285,1017.9961162605624,9.360311703723482,1
6.901110262740746,1.7050715956002995,49.00477742900971,1022.1645977789912,0.11380707084717488,0
6.036959259013685,5.871902521073249,80.26991845815618,1020.6991343541097,5.041440621992504,0
25.17154834676038,7.7943601726563285,74.27131890078353,1001.6948770172246,10.9268142646013,0
15.989592624379632,6.3631778423913055,73.34953509328308,1019.834818955452,5.607236930497855,0
20.84136688576392,5.075889352962612,86.29571066808757,1024.123806710927,2.339232159333827,0
18.317700252511685,4.9122147493741295,73.81473439830566,1002.9824955786921,2.665309118821937,0
26.407462287090077,0.6945054687922771,56.74196657288906,1024.0571305101582,8.807492661488162,0
20.42110387173421,1.8696880581994255,74.35851378382986,1017.3954520719594,10.679204547216772,0
32.67703103194234,25.137787919089504,54.581143524838915,1008.8077564373409,1.6038689443572098,0
22.598742394952133,4.995073091684502,47.315530124740064,1002.0362552491049,1.5638344393267334,0
13.2269094902497,4.223659665038688,77.77328425668118,1009.0810437458431,7.314172590333414,0
17.124181321105215,21.629564164310647,67.04278928562381,994.9391115493983,3.1774493531314825,0
19.730586643988612,7.196497277487081,77.38021420850347,1019.0822212659594,0.04792370627495114,0
20.23224599408365,5.1565397995651665,73.60171746582793,1014.0690672585663,3.913624231001564,0
7.380035909371822,7.35054208602718,76.20424386357521,1000.4825552670828,6.2614954423847555,0
27.057484409358835,19.749534427416105,67.49743132892858,998.1097794077401,2.6214129132779678,0
12.51562460308007,10.223484765181755,82.3309911704879,1007.8465131517172,12.096476645359793,0
22.964785652264823,49.85514324504591,66.25458741299809,1006.3155012463397,15.016781461544399,1
24.009658347697716,0.20612598135984844,70.13182663948108,994.7585309295398,9.914657371587747,0
21.571182413469643,3.3332281024474324,86.77274525726062,1021.9864260899546,1.2518900055691227,0
17.557278927084937,3.413545484850642,63.19162875770307,1015.3758530704381,3.0534503543654723,0
20.76500835951826,9.327052797730452,87.52252602181147,1013.7227461003854,2.7669471833436314,0
13.25523586115661,7.682852076459699,56.39645687916909,989.2609399502835,0.47780642163552406,0
9.193787106816783,12.679914275323338,60.700664540295726,1004.1437816483427,2.661594118733971,0
20.208312820930303,4.643609222384631,48.49404962784657,1026.923297206772,1.1378637442301511,0
6.369681433054142,1.6930854197537568,67.38273240074463,1020.015304243744,2.6559377190626137,0
17.98815541933596,8.078169411151507,61.84589655860421,1027.662398602994,0.976923557345859,0
20.509938286944166,2.9065065330522555,69.8909110750044,998.7352687525345,1.2051137591260386,0
17.135771625929447,1.5512004555868997,63.463532545440714,1012.9334354192723,0.7764577326180668,0
27.129986058705235,0.09284556819462378,62.72568359802606,1014.6151804637811,4.659771871305962,0
22.640453054955405,3.7929109623270914,43.44278293335883,1009.1907504671819,1.0416353381371855,0
17.396735286301052,5.586501211111261,51.275942351967956,1018.3652015603898,0.060716842284251046,0
30.20610861235957,32.93343315535835,76.55690169596578,1002.0706845006011,4.259561421227039,1
30.304981129212905,26.297099706798367,62.2958304667909,1019.5275968919419,1.354153381775164,0
18.160715734822805,13.627710220237141,44.113433127811405,1002.3665081328488,6.429181823897218,0
18.028428490198387,16.397431558489664,84.61393394629678,997.5044409726052,2.7807880060353645,0
27.666798738571785,21.48574717484155,73.85126197992682,990.1600331685305,7.005337500969265,0
17.772490723098567,2.4854630493793444,84.86437280553493,1006.9796897721724,6.444429018059694,0
11.250371810693636,4.4000747152365385,63.17201642775761,1001.6732884698106,6.79987708672687,0
15.22500305942895,2.9044573699054164,37.03129831638984,1001.1743958855448,20.10845800319816,1
14.355203749834189,0.9411921711131123,67.16478553476288,1026.9183483752458,2.7129489484861735,0
25.726188563818432,5.65358708527199,70.37456893556498,1003.2681476353691,3.5133567125214737,0
11.777567750555672,2.895907624254021,76.74740820589764,1005.8850875877872,1.9842587534408451,0
20.707220496948686,2.3558670006780025,64.01076785371747,1009.9324759484487,5.564083611781544,0
22.734037832559352,1.7959649434572713,70.82504404050061,1015.7212571760839,0.6801364623461184,0
20.97965673519583,5.084272091699736,62.07678977725327,1002.8966750978511,1.5275073271370658,0
7.450808796871792,29.513863323548385,90.0898988422,1017.3334823268904,2.0697797134808633,0
14.380459054228632,1.5441234204469687,63.54026120869261,1018.0634841107493,5.377244285252319,0
12.55794382163577,6.8482088585579515,108.40754439033526,1005.9057742696918,5.515823103498092,0
19.153289626041786,22.6155929266996,62.55583700365452,1027.1416435741555,2.5837877546587302,0
18.105463739252937,1.3529902390331499,53.033991467461185,1025.8900575877287,1.4938118838630834,0
17.295370380505936,6.554394733071418,65.69511721313502,1021.5048705003335,7.302093088203279,0
15.851825107362457,18.69147413025104,50.48336100412982,1022.9205363222712,6.177563231784838,0
11.576802023061276,8.82329871004124,85.1178534618237,991.3272644836472,2.094770327992616,0
16.161077367144724,10.506709820291897,80.53799970900783,999.8106332960735,1.5198227235646837,0
9.974242849100039,4.20138242638817,93.96858790294613,1003.5262272935204,3.582449514218305,0
31.334526111600045,25.281940067467772,71.45733680629371,1010.9674391293904,9.608085640946626,0
15.032896949110384,2.769765523957238,73.45083417318251,1011.2347231450854,5.353006354642002,0
15.107701355618342,25.271523237919883,68.83758550160518,1005.2029326044218,5.853029793752701,0
17.8487366913729,6.5746590378235705,65.63778080938619,1006.1765805902435,0.3333208560901886,0
27.560027345263485,7.046982345650964,87.46090228878907,1012.9969555555109,4.780675354088563,0
19.316229608632906,0.12838542227578875,59.23142660636182,1027.0920715435295,4.168458202213872,0
11.422793464750772,24.901021853001307,89.64166152103972,1013.9133758084462,0.02184555317601552,0
13.824211975687463,25.856260242917056,53.1082903633189,995.1264008327425,1.2059016542466954,0
10.988153582880877,0.3477323048531338,101.36641409098715,1019.9529039952204,5.85110326960267,0
15.108899166895402,12.905146682082076,53.93037508493538,1021.2282549388527,0.5249358272349859,0
21.84515827721138,39.35844384035481,62.0891640754057,1007.2064672458667,0.7543749911251595,1
17.982471366206628,3.8872684075344823,58.7311660945799,1011.3894280970402,14.354960692324369,0
21.573728249444727,15.165023805895467,66.49413913222412,1015.9281223483429,4.927987241399275,0
25.09459035956342,10.161200042577608,83.0567375461196,1030.8541062209215,21.49358394325175,1
22.364085415891672,20.593473105016457,80.98121427149533,1032.4392127550304,8.835776642753629,0
4.370155749502622,5.865978145730057,84.70394429082525,1035.6565157483562,0.1947582223159744,0
23.68690548814457,1.7138226729091057,75.99204058903277,1026.2164759595132,0.8967396962391008,0
26.170705044427457,1.3177701670599409,69.15977992249493,1012.5300848667779,1.290109766511145,0
20.50458664542929,9.40187235844257,55.26513591584836,1003.0271631953019,11.199675371264812,0
19.214781760656756,4.930944162108935,64.17225966465317,990.7354506054045,2.4720231609222254,0
21.831942382861996,15.210751260362098,63.79157586587715,993.7026683475381,8.689041529332878,0
20.781545060182463,0.05338414583716407,41.364154744732986,1017.69565143781,1.9480845867783865,0
22.83897234501713,9.395475661331105,75.98488236252544,1005.5099637962846,3.6646595532602073,0
21.368181828543115,5.988130024668771,70.44991358039763,1007.4217062336397,5.416515239207628,0
25.68030590854764,8.470901150249457,78.96306558842092,994.4671674747302,0.4149797700171963,0
21.329744189170327,5.614222195860207,41.06977847705737,1016.1178704900267,6.372579065879373,0
11.13960406365193,14.059769135722702,87.69913195057697,1022.9070551531213,4.030769837224188,0
24.98173751955922,0.114550271104334,55.98768689425687,1024.8088629065332,14.289400782469938,0
19.714631886606714,2.9059562180999725,88.65203692518945,1004.0317081188429,3.236740221289937,0
12.460735902217445,3.5106998118648507,51.03122328103142,1010.564194532738,19.018716659041868,0
18.265296564663096,12.906579503022693,82.97934634202875,1029.9728050228464,2.0819422869162634,0
13.088633732609232,3.583320587460106,69.02349191867044,1037.229486877243,4.3319864677964475,0
13.612579889221841,0.8762752381882722,48.893692078239745,997.4198008873366,10.260909648705594,0
22.3956916201977,6.635733970277075,72.6286779104884,990.6837602282312,2.405994467420732,0
13.103498848586824,58.05982261534481,72.450405323737,991.3009731708358,6.192991164104536,1
13.413986599341818,4.523985622610781,67.43265419874454,1022.4738529197466,6.356949113206934,0
13.797535072466543,1.569883803303308,80.30857675592932,1007.0186942073416,0.15240029478542438,0
9.737938048515979,5.0621548275879835,78.7010934111633,1010.9130117105967,3.6359614189698215,0
18.96724287495898,0.41640051366197145,89.64797754150301,1017.2416724087716,15.038413575521915,0
9.133962961054767,19.599203534949197,59.27127221773614,1003.0582326411464,1.1230541807133518,0
15.360029891171932,7.019471959632003,90.29603740249611,993.4808181680821,3.5162708845251,0
16.805340892714394,0.30971243555645683,62.95902756346787,1025.3164246614904,3.640249914363221,0
24.831947059272192,15.333438175061476,58.933949429727384,1017.8727298800119,1.1439494263208336,0
22.655579541954673,4.124443754940073,39.479774909579916,1006.3739716632031,7.031265086169577,0
13.72753268630973,5.092276546128803,63.95401197944917,998.1146454603889,0.36836492890490136,0
27.944100268918973,6.691896790693663,71.86062711658032,1028.9688915616507,10.28276990790253,0
15.581706812812158,27.57749161715658,66.2991336382834,1021.8646103733032,7.851161144329294,0
8.542880540750467,3.9202631043634586,59.510448413462406,1014.1462539926729,1.7215707514870981,0
19.57222295437426,2.518635957659223,64.6156242223088,1012.0158011419959,3.751469009547002,0
18.4942972250551,7.765922529490361,40.28134569169329,1005.5659032678145,3.228027366704496,0
18.79046949288393,27.768306556227035,70.50165201959726,1030.8774598587515,11.272152936740325,0
15.868365925658697,4.991453791714379,68.64689237488247,1014.9462463957428,4.595005324969715,0
18.698258371079483,2.805294125581221,70.9753694678317,1011.415321321497,1.5636808794348587,0
26.367634208587965,14.988220096303808,99.70112850166029,1016.4236559205018,1.9496894233014848,0
29.837071820135606,5.190439926857327,64.33352668716284,1027.3966525197045,2.6470461171183564,0
18.4264203436662,4.387092683666391,45.64347471925633,993.3988874008623,3.928287692990296,0
16.97935115563642,1.447781552155455,116.76521693812072,997.1520384006819,0.6741513864548951,0
17.923809767499566,26.977887900429884,94.58955825053644,1020.7871905080301,2.569097758271561,0
19.22557142186309,14.660732048774513,80.90191069602706,1014.0391558131572,8.586822202948003,0
17.422953309001073,19.23795726510119,61.87852532388609,1002.2508346627274,1.681747418563337,0
21.441026532264413,0.32404185572806415,63.34589754688921,1008.1189712445495,1.1149239111524616,0
16.236575505022092,2.637827681159553,74.37820039174474,1023.7760744717431,0.028936879463638376,0
8.413255569948506,1.2097655764895143,47.933103919397226,1021.9033634060937,6.3808042148519455,0
23.187305517544864,13.036861308166355,76.55098833347253,1014.0120716348299,0.48964865514422745,0
21.595843331777186,29.119368208416326,97.29657680968896,1031.0516138097241,3.234547007105441,0
11.95093901471044,27.007700859698566,70.03219423189813,1001.8742421768919,5.807000777644524,0
19.93293114952596,23.959922699933443,90.38946399047208,1006.7510518535978,1.9980364238353923,0
17.667192257277716,7.6974363898092975,83.09399301363186,1034.2619281468308,1.5488044031406434,0
22.524810207471,4.844253550311172,66.61289876385938,1008.2585928286976,0.6538654669148859,0
26.570917333121685,26.30175705584561,95.29894204033282,1006.6983033205906,2.2877974145165916,0
27.834584812541266,4.075703123653795,69.41283959547488,1020.8978701420417,6.085896593996464,0
23.362603570886357,6.783016311027701,69.66296534988149,1018.6287617389974,2.991596435154196,0
14.87041991157699,0.4325671909804202,55.32617592909284,996.7450103200431,1.8131435516013774,0
21.519404639121287,14.73223654195535,52.78987725518006,1002.3105837510608,0.9259749004192124,0
15.716511924883768,6.046854163495379,75.0849027071413,1029.7928640550147,5.015830804157443,0
18.365993140813917,16.645314340477654,69.37179917552396,1009.0633767511072,1.643451802002478,0
15.748733061108643,3.70723614789459,58.65993970815093,1030.8637541755136,2.3990620005784122,0
19.394561825409713,12.710754324254589,51.22594611302884,1000.2222178904115,3.895574303121259,0
21.17664597608103,12.783795179722828,68.2349904671072,1017.0227642755158,8.582136564723575,0
25.35216151506269,5.176989371972002,70.98906390141981,994.7268101258222,3.979685632529736,0
29.846436504057486,29.70160403510225,90.93151123298779,1007.285949398355,3.4165381965907256,0
15.680260152577958,18.742794481078256,95.10909695867153,1010.3486241532917,0.7480710399174813,0
22.257955229465985,1.8000505262800015,56.354793410312865,997.0550664514199,2.152850803036219,0
13.908312583318734,12.32111850066578,82.94057382985025,989.3698818849919,0.5264241318028319,0
15.48565623164522,10.456427532029686,87.68298905555409,1001.2360625652524,10.800004595332753,0
21.401712889931627,9.5769688554192,50.82606056113637,1007.1319459066646,14.262571801935692,0
14.201634911237234,4.12052922269507,79.95469520549263,1015.9589745852037,7.257563811219575,0
22.715257233033977,5.819656240653637,58.21449668682486,1024.9846732413705,1.1866112086381,0
19.044267712671658,3.7193503394493916,70.87319090627585,1029.8152426708266,3.8990434442309816,0
15.777612334044864,18.54238006128756,75.61661836677747,1019.012067804923,9.699619990943033,0
16.43661415173362,20.90874194954541,58.06016634986869,1015.3166559593859,0.8875789243228648,0
20.282999243492508,19.265212146506,73.17347249791372,1029.6754074619587,8.867148241111193,0
11.461117174261696,3.3526671081439248,64.82343854771214,1042.76399345113,8.188693812009186,0
20.700120984946217,15.671101257193726,91.10949559801882,1014.0781001461776,1.0645644317969796,0
17.45067938449032,11.88489786011996,67.23869699476121,1019.8392353724445,1.7689654641907773,0
16.816197209812294,0.11942373789925334,80.0761372328781,992.8488004530531,2.3575307906119,0
23.261055779785295,24.359456914089414,71.46151165445954,1007.2408452956382,3.9830365736736524,0
9.472242045501972,29.781371179560928,58.438188954395855,1024.3440804503482,0.04070623543757781,0
17.900408018501345,6.700849949386035,66.28179821382005,1015.1363503386515,1.7899438414649225,0
9.167006402930253,1.828828921563427,48.64009225455982,1005.0627241394178,3.826449791690222,0
18.198569108598175,1.7123743114952021,48.656846382826686,1021.6200770427121,0.5848843711151255,0
21.911863851460815,6.307404526497566,72.38765673883871,1003.0428087553291,1.5353731451138606,0
26.824569027753856,25.816952917372305,111.88313301864942,1032.0851668000917,2.567923179747418,0
24.530307309213633,29.774917123699733,59.055934544475015,1019.4240929503413,9.296218368007683,0
24.185904001445046,17.3097336375529,66.18285885031987,1015.9452612696796,1.7169815490711118,0
13.401865307812214,3.5309944365453405,85.71245372313986,1000.5427841248153,1.3056943495023905,0
14.91612319240146,6.460848462734191,49.78006323449247,1000.3311847403598,1.91874257751498,0
23.90781568441046,5.951905953383166,54.880086416972645,1013.59853964755,1.0470034289072014,0
15.89321596114779,4.783503632757327,79.32020109953653,1013.6818503641201,2.0905628507723812,0
22.189352088338946,11.510627124547481,90.48284470609282,1009.4338791273555,15.465364286882474,0
6.772070512174185,6.255545618000119,72.93104831924981,1017.0486154819577,1.159573925566257,0
19.742853721475363,25.033944014833533,64.59584729684536,1016.2253134393719,0.5600009442732811,0
16.310924529042985,9.523939916983089,60.5886889836044,1010.2251297439773,0.22183499156869296,0
6.612186965754578,4.284440776097394,77.3786352614086,999.2694477037608,3.120646993943461,0
4.130925300330416,31.24013711034237,67.3057041789155,1010.8724143782061,6.659359836313328,1
10.532846319826369,8.138343587115957,67.22630921685715,1016.5008890808165,3.115082303889479,0
19.027278435181515,3.399751203886634,58.36590093096413,1011.5984057716539,3.799750794284666,0
11.903568070869685,0.7890430056425489,83.85797523946262,1024.7952720351852,1.0475426775435532,0
26.91452800032572,7.538227523245194,66.28989419462265,993.7725159467749,4.713094823188021,0
13.227021753555345,27.98664943863772,61.824704076027984,1012.2011387330145,3.0872770701173806,0
23.07968611781778,5.419437041244958,63.94930381046976,1030.2673967848434,7.4466749440214635,0
13.535290159351689,0.3437319834719393,51.24961700823927,1013.7171923869005,2.1228537034615114,0
15.842721777200577,4.066704520576659,38.19869177319738,1009.6700969717275,15.444470247985107,0
15.413185054288835,1.2293088975395037,90.85499775298257,1023.1588726704612,8.76445317823994,0
18.05931339590392,11.943233050571889,55.28817987379661,1021.8381905851078,0.3750818947509226,0
19.544263243935767,11.73446960108807,36.05279813867284,1016.3729145501399,2.079660852643265,0
22.27600753874131,6.8552813157072965,73.96435315229877,1006.4050122335458,0.5401228766515012,0
23.96551836666134,0.6347853534360794,67.89575449963948,1004.7484146930174,2.0566947582693653,0
22.862219989590052,0.5219261321536187,83.09181121704415,1002.7509596817521,3.966075126193598,0
13.522270576413469,1.5608698114072361,62.305980973322455,1014.8861309641645,2.609161611766898,0
23.882666268938827,7.137845057348634,61.24416799656098,1013.7850214891752,2.528261627103962,0
15.053047025747786,3.050646073151543,69.36273816185769,986.4230810595691,2.1012355001549348,0
15.190349430710368,0.193590946362298,48.5664309023241,1003.8913222179286,0.22448797185546512,0
20.529365911014587,10.604460531225508,79.65663071406898,1015.6194061651013,3.401245425468378,0
21.312680166993065,12.03016851908539,57.65716147722351,1013.7090879063529,0.5511476285991043,0
16.83355719126803,40.56369216023682,76.31979691348654,1018.0777343129179,13.963948027781177,1
13.767510985655463,5.8367617316349385,79.11921350508631,1008.2563587974785,6.766290967157413,0
14.61443027059733,4.884826815729373,84.2733606659575,993.0650090916492,10.286620879213334,0
17.35561310655623,1.7226122226697218,62.36359292032646,1003.5936776986404,5.465255283822663,0
19.58709136751896,3.371256691788447,69.3399168258726,1006.5948795528882,0.1093214168016963,0
19.177278975555573,3.8811028511662777,14.67452062857334,1006.7925361136544,5.577718191119772,0
13.227714936736234,15.25077502441641,106.58285059868876,1018.3482850119245,1.1195715608994086,0
13.988640830327398,2.8674298020977798,62.43049386566148,1011.0878336385397,4.1355505404482225,0
10.306013114205001,28.994665653488138,77.98696461683043,998.5585352297247,8.498434505662477,0
9.96871605799021,3.045573015893467,75.9243695548496,1017.1195746671726,7.63126755962293,0
13.154744742312085,6.075538936985335,56.89496662116061,1025.4444209887426,0.8712505637229034,0
25.177854965818117,29.575367367315568,42.573911787370555,1010.1318026088669,1.994332967919811,0
14.156408697408173,7.099102882041891,73.28147105177156,1022.9724920018606,2.994483199111675,0
13.013858562806119,4.830506666314333,54.114443169818536,989.4712557965076,9.371927768885447,0
12.095820415039324,5.567043414254957,47.159282353142416,1012.943927591362,6.803182502492232,0
24.861356583039957,15.174638824335984,72.13066718245818,1016.993003997179,8.04854994600242,0
13.37883992340403,4.2481191770208335,39.23800216008778,1003.1768892779287,4.047391983618115,0
19.671635272767517,2.980761921438378,65.6502796834504,1008.9100483928862,3.454259321517398,0
10.269538398481638,2.421801387948176,58.43297549149558,1004.6736614722265,6.337406894836772,0
16.92443099914755,12.520677895857906,93.13414941491953,1003.5885336554713,16.933222674632965,0
20.09094482214455,17.205479644690673,61.588082961400374,1004.7193888697426,0.671436365891786,0
20.04842671873275,6.342261397464272,61.04509617368601,1017.0396580512862,4.639447611455948,0
22.04410201138925,11.595305120508074,53.02891584797444,1018.8738236414114,5.823164980405658,0
14.71482381491338,0.36702758462702867,84.91837353612432,1008.0455812620712,0.5629426708266091,0
20.731658530008755,6.769921218614268,59.055495319972636,1017.0372281889928,1.5700621362952063,0
19.66359664792594,25.938019609069123,50.00277987284187,1015.7719331718773,7.154188710445557,0
11.854910317234072,42.706948129460976,78.24144261153646,1003.3997185108926,2.0685034121829036,1
16.50242481226261,15.790828842966611,51.46445466925887,1032.0139071228793,26.653593530993867,1
7.689109476259265,5.093422238103144,46.805831215278815,1023.2418523714556,2.494367070320089,0
19.863240932400274,7.816701368479448,72.49739690672686,1007.7062431263524,1.185946395634184,0
18.749335456938887,6.974195760970958,64.83008071056972,1010.1236509513653,1.5363383628373983,0
31.551658221674465,26.00340303650956,77.79806527152867,999.4461377865827,13.321447397946372,0
26.995321170118267,15.365731355994471,64.80123127571771,1007.1835261774507,5.632152804780737,0
25.095178056836318,13.424882159118157,74.40028054484475,999.9837813450961,8.809262807309068,0
18.434798510185846,2.901562805761459,81.95448693264888,1026.3322951651994,3.0845076769873465,0
10.963532782537987,10.116258526908785,50.52844144469263,1018.0565103289367,1.1057907501015414,0
23.67000250407375,6.811932743308145,68.17720482699643,1024.5868133745873,3.846074525254472,0
21.46911726929551,5.2652305442436536,87.49792504331505,1018.2092287910971,8.330448080392095,0
13.44245015661564,19.588988757587657,60.44807347675665,1013.4810681471471,2.6111966597551173,0
16.069436119569293,8.942733543792285,85.22831337721458,1032.1826699312087,18.040072694302992,0
18.286756349898408,0.5734898947040337,86.09531492205434,1012.186114865347,3.282945350218805,0
18.56985334063886,4.035777265695015,58.09810405174793,1011.9376457864482,3.6865352917554306,0
17.042214207658777,27.071967510803077,79.10244808423862,1019.6231657888014,0.02519086837481973,0
11.297556793167816,24.168508209357213,65.20260583166866,1004.507718605046,3.6370036371122785,0
13.822948588040877,3.056608857456584,76.78145932676031,996.7638460151096,0.46567511103148357,0
17.197201952491014,12.753415477765948,61.67070846098446,988.964999082745,4.170692379982791,0
25.474114499461635,4.548415324234035,80.8167928131378,1013.1955410121988,8.145262859735617,0
15.105241213255384,12.62477790412558,56.55448678262229,1019.7637367297948,0.5281437040659497,0
22.65437255968622,12.649994364951898,84.03186047273164,1015.0831295616252,0.2124291618245035,0
17.70583572934239,1.610943962145225,66.68602412590582,1018.190549384207,2.483625281183691,0
18.572903085504223,18.64010066670527,55.0015706162785,1031.9360261561008,13.941006828007138,0
16.62024274151931,0.29987121627035473,64.5741424585992,993.1910491725351,10.197487523646135,0
15.500802012991679,9.287196853002243,79.69674052813392,1033.1125900494287,0.48173043561603934,0
14.746716893319025,6.401626731526841,65.10028655217083,1017.8405603825036,6.915839569584281,0
19.854151046681046,27.90110874901199,51.041787563888334,1019.6802507587058,1.461805115817974,0
11.969888142959405,7.162856343991807,56.710438991533344,1015.8950304987725,5.584598427849748,0
3.805798346084032,4.896032677864408,59.70011186240022,1004.884147947937,2.1498709816078816,0
22.300913191975784,10.993287052858529,82.15390066563,1014.7853031414991,4.227876109968583,0
10.775513385178701,6.621645344260197,62.6421452120264,1039.8632937557643,4.167294580070368,0
15.037672723097428,13.847984890906268,74.90608562316768,1009.1108740909654,1.0304793263168646,0
14.556379217378634,6.642583058433701,48.76343480416264,1023.0101566265471,4.623196996639145,0
20.922620259187173,20.43306068417855,65.97791291137355,991.056178040741,1.7363796638065812,0
21.14818801512795,0.33989136240469225,66.8862348228544,1023.213162028034,1.9661976923320512,0
24.652161721894082,1.3309058431766296,68.19119217289796,1008.6802235796821,1.2240095728588865,0
20.875539104948853,4.678313000090798,55.00526673528664,1004.8423265547046,4.673122236542987,0
23.56317152601651,0.3263640109083359,68.93319563754496,1022.5510541658308,7.124896728123755,0
21.433546021742828,21.722058753429,74.57500817814592,1011.6328605308013,2.0222526135269088,0
16.310611122630966,0.06981904170624233,70.03347433243603,1006.3087272692751,1.506953829651113,0
16.79849597425876,1.9485168543411682,74.51123525771193,1017.6759007694995,5.5772789843438995,0
11.717173320272824,22.41007034929315,89.3380457711031,1015.2530746250216,0.5253082035374286,0
9.2681376018816,25.504777695712995,64.23512159711842,1004.981484105337,4.083744840772428,0
21.041335831720946,2.641399266631212,90.18902511757473,1019.0978334510116,2.6368729712502597,0
17.55168039230183,7.44301714561411,29.510164758515508,998.2133076370247,7.462515499728831,0
8.13955486678091,2.986192224976361,74.32042552458233,1010.8860639072475,1.3065732776053915,0
15.538406025104825,1.6032594997298963,89.72182737278527,1021.1613428873812,6.974756467472872,0
22.879116686442817,27.542421096851175,70.13286555503343,1015.0902835406797,1.8100238512494002,0
23.769470672692453,40.71307267415327,57.09180141177057,1003.4632294625194,2.9183627216494115,1
24.76019682987163,10.665215873018017,101.49111280753763,1004.8520830050035,4.737762760960768,0
17.983628104720882,12.59393471122423,92.3767324513609,1005.1731673635265,1.287389556498237,0
15.204180824703958,4.652067682639776,63.095398561384556,1012.9519306170841,2.413006907487217,0
19.561936217058225,8.894510015532397,55.8380866530637,1018.0558047453072,0.9204621346650812,0
18.399576318700188,39.85439315570942,74.81395092888486,1022.6385383991012,1.2590246920003088,1
12.950228986619202,3.0272826248424867,39.80637934159965,1011.3281753341627,0.9173404521060663,0
17.635711555794725,0.989842941487822,98.33918193255994,1002.0146048544124,7.0178604871072086,0
19.107837638041197,0.20724189511023086,76.88770251002295,1007.054223595,6.338670460111696,0
24.04615323611969,9.181418803186721,69.63570256494961,1016.1051100235901,3.0839074168941307,0
11.407909299368054,0.4025127503940856,83.02666465893897,1029.2781299743858,4.030790666780094,0
17.834873681402197,25.852506736742953,62.445246094366055,1026.4409677785245,7.566519351922548,0
11.261065123937454,15.321310012192555,87.28058047470594,1010.6205134882299,2.482790235184268,0
16.559686008243606,3.2880467741551023,76.4653443701634,995.5859781262458,1.3184625354642816,0
15.79320604242574,23.166834213213228,72.96949149960332,1022.3487901738633,4.787006553900762,0
6.074431506534818,24.70730186989978,61.52111891184394,1007.8039790577443,2.1122571207796,0
12.959350216115752,6.894554439154437,88.83649262902838,981.8338919998273,0.7536434082277698,0
9.874393705587377,2.0374707142123056,71.2436777975806,1029.2562612746194,6.5022963389905355,0
12.483746472648301,11.373011390637531,34.92357699635354,1003.8464723323857,2.3577033265287604,0
17.581084500554677,18.913516404102527,103.81057163381678,1009.3890267043232,0.7322648839032536,0
18.347458063598168,9.953364447264034,66.09370700271192,1013.7059841398021,13.245180378547381,0
22.76588127164677,2.2497209181733915,81.83612802099864,1011.2647567548837,0.9443136342839689,0
10.096499741630387,3.6446476695618175,56.3743286054397,1005.2351986954857,1.1482158494523322,0
15.310107355890224,0.2887015301410374,76.99666895260393,1012.2505788525793,2.011454366304934,0
18.305812839254575,1.2630692711487546,82.9727383494837,1011.4980630694108,7.663814649666406,0
10.484765703212597,7.8062449868595065,84.93540631555543,1012.7059771611565,6.456667009569013,0
14.90944284163213,33.53311137617419,97.15453915006243,1013.9926940761418,7.81294997276007,1
14.90817489977935,7.1865151930882964,58.076595294974645,1018.6306078125272,3.209990943435352,0
15.972300429664609,16.073333490919474,91.58940225753203,1014.2489814990581,2.0223753907254265,0
15.355418104476724,7.89875743401312,81.66394092688408,1008.7296309712495,1.914912797912556,0
10.577342290344713,3.1020506224763498,79.90631403911968,1008.5263986524371,0.059174253782710254,0
18.20947960577138,20.66597693137436,109.55003712918383,1012.4883707875138,5.698885747821575,0
15.148734035859551,11.058786756159257,69.44666570396645,1004.1570497031952,2.5370992849078657,0
15.597127933987627,4.848236004151432,41.87661903928701,1013.5697009739526,0.4640479056669409,0
17.74800024700489,25.540107110971228,104.84900476682091,1006.2894328519961,8.865168478763065,0
13.183018294007155,5.268169398187239,41.01902262220061,1016.6384136125547,8.828409067401651,0
17.022878985153145,1.154108401341966,67.41255948403816,1000.6284884216568,0.5193491183061383,0
12.92917890936516,7.389257385015552,75.08463840502392,1008.1760301261744,19.14518915506165,0
28.124344702479235,20.722974898257224,63.62596315393714,1008.6824181180822,9.341894967165258,0
22.395070772785036,23.863458644117742,55.80263806017358,1012.7931584177251,1.851563145005537,0
17.09583307800574,37.47068994471597,71.50434583760558,1007.8604457081245,3.7976223836378047,1
10.348604320351061,12.22801591198737,68.16346015378903,1012.300604043834,1.46009306192137,0
11.269296387098972,31.14997452122244,62.58697676255942,995.1801145887421,1.3245841696692202,1
23.42250265145463,12.450150363229714,69.62216974705781,1001.7301940041638,5.9207219389238555,0
18.80447102099531,1.820187438195593,59.670729271563104,1017.8897012504692,2.6982583907518793,0
22.631287455421962,1.3529804791387443,64.20996136525841,998.9118367871346,6.100440405560138,0
19.01676879202499,23.54701123572862,62.36535207413945,982.0491293405807,13.115524793687198,0
9.159344836466408,8.635301334266353,114.89215855090961,1003.3468448906591,8.604935686364472,0
19.60127390644077,5.718238014608822,57.87717012627793,1007.5115228100897,5.0225920532483945,0
15.64622450437609,9.201695105689375,86.81782213854856,993.761946885276,11.741780279976341,0
24.39519958229627,6.99624805920808,71.49206437163726,1009.929590914693,3.4011583704723996,0
18.269486735166033,16.820985852306134,50.10606757076265,1016.8207819574022,6.155414660394483,0
21.27186979696809,2.9332171748547524,65.29406915410229,1007.403475917053,18.566878990599204,0
18.538497245533094,10.395938596158897,84.97326483957595,1003.614979757228,6.84233283129326,0
18.32269031504861,7.038685158991781,70.59190870696158,1032.0799865333097,3.3845124380461318,0
15.298118305064728,1.7298847613589214,57.9777411725349,1005.2687849539064,4.465186720387048,0
14.443466600005614,9.4206653250733,76.03966767196184,1005.2564810511063,7.690306339930125,0
14.064818605333505,27.804251946921816,55.3260152610064,1015.4119300730043,0.42905987285964986,0
22.45535270455246,5.417386814804206,50.18326499759482,1012.5063167434147,2.9730889590331855,0
9.738786613232552,15.184316126416919,84.50434968017225,1005.2596846408692,9.121118514570881,0
22.574617400589155,1.093423951648217,66.17112765006705,1012.4825979649048,0.43284184389616503,0
15.836812418332359,23.84778282435903,102.78595925083862,996.1148975108276,3.4730903704101355,0
13.53757990433698,6.087071137994008,89.56099695023255,999.5285017222004,7.126461640823934,0
22.57038582112017,5.013015149136137,55.19430731595527,1007.2733955977508,25.394385534151624,1
28.051341899182766,13.0527540074813,45.46481546499667,1007.3086444840876,2.3127190189120106,0
18.099977431032098,7.033142914544344,64.00259898570211,1014.5506615353476,12.12116563505064,0
18.121201213127385,1.7639449060147694,53.557007146487166,991.0989352734624,2.2356006682281566,0
18.57470885879566,8.488653278231288,91.40992977392153,1013.4155947344797,0.7090364195206477,0
19.97064447946055,12.514648557011938,43.72745944269474,1004.4931487348416,0.2565655302989302,0
6.920887874896659,2.8970149635155855,67.06847730215854,1020.3573246697295,1.403793929216583,0
21.740978921970736,0.5071181787710195,72.57114693855257,1015.8709792630029,1.9419090742676992,0
15.33928054913449,9.471784350756753,64.17147669263196,1011.0839824808821,4.459410582724611,0
11.68737702973613,3.5388127607511652,85.4056877826664,1003.6917900609255,2.825817951484384,0
22.033382010821814,12.483826733239223,25.852876517924003,1003.9200670283175,4.0602992910121944,0
16.180442180862606,3.9597670062230734,100.00161537828001,1002.1724299112062,3.4073357042758645,0
22.02466695366163,13.4629076963468,102.85625501782636,1013.06131189005,5.680060428890163,0
27.21962871257643,20.679842460576737,40.87994742892217,994.9279143414376,7.224823911267597,0
14.392154588299853,22.266617724285368,72.0828404864632,1011.2845106724629,2.7916880187915587,0
15.043476805605271,4.014227218612596,71.96471693795554,1001.4354334775423,3.260417042827388,0
19.210353351439835,13.392318608948667,57.235373789776524,1012.8587178537011,2.6336804827150835,0
18.942431903802106,30.5915714563452,63.833775734822744,1017.3819395925827,0.8675011211342637,1
7.948916727169685,8.57360027057635,50.14073373670656,1025.183228245673,3.565626587982516,0
20.532276232538813,1.1073341379304749,63.567048989540986,1018.0772572835505,17.75384834536077,0
17.199627566958476,0.4769969813456134,66.34884546148137,1017.8793125249605,2.8464339745644116,0
20.306817605400465,26.383666188049162,96.42512642790967,1022.2360688345763,9.33519176502758,0
13.148643370458807,23.639491295532927,49.70701166553942,1006.6174335575292,23.44349595608736,1
24.072540058889018,6.391912663175847,91.01656098196122,1035.3333900069783,1.941101023373164,0
16.117887227059022,14.995449051283309,74.74101804594926,997.3380898038718,1.465290145871484,0
26.76912622424874,19.641774697440162,76.55669511881099,1028.3295052595377,4.702514140229245,0
17.716057020568613,2.1529976041376413,56.64346370586007,1016.1659538611456,12.110005847358952,0
12.426383720224958,5.171063235971813,78.83800198348884,998.4236831907114,10.246969492772934,0
20.84322308006385,7.690668534915361,75.74382565085895,1004.1055268136031,2.140659974939607,0
20.062422313957562,4.935575201754784,81.7161847182291,1010.2056247042983,10.369148993908123,0
17.07855499083644,4.42607240366944,66.91240210117984,1018.2710238176334,11.653690878486184,0
10.459928136835858,32.778708508755216,84.89316202283031,1014.5099737043262,3.7243312513668094,1
18.617145908518243,8.098666352538501,48.12680329271875,1001.7197282081235,2.2967855818323084,0
21.583528411193548,4.52599907163696,68.99041495048426,1015.5165226857907,7.034403410000598,0
13.813096051587666,8.48327665655386,83.43694327353893,1009.3906836485271,14.5128043822643,0
22.84340945815611,2.4138164551910997,76.64936389911138,1011.8210603205732,8.770845375964683,0
19.169325505046235,4.818569598883641,87.47486323845885,1008.8946709251321,3.8698274231912233,0
21.537932287427804,5.9079694407481025,52.65382534340682,1035.4134103203053,0.24578083824492197,0
17.267596646359195,8.890249656297541,85.09616560039832,1018.1703668625919,0.5223297468017495,0
12.913940710499205,23.956596179891285,60.40890946188218,1003.8316739902283,1.001458046531081,0
19.436362570137135,2.0850125201003555,84.15573258634066,1007.9589087350656,15.43331496461283,0
8.897235591693795,2.841567893275778,63.48951604346482,1026.6042685349335,1.7680222305854394,0
14.16823695367492,16.02896210750223,68.8181739987955,1018.1446673274851,0.35398161640306325,0
13.362449076450702,31.032853280847085,73.2164339561867,1008.2801350459182,8.289812311815744,1
17.879354447725134,12.997398325714425,77.65901035615471,998.5541072466023,2.9266318659178165,0
15.65576197969088,1.8122098111575515,96.54686099255666,1022.4846803942276,3.8618128672326986,0
14.06713954221075,8.097226251099626,74.98558499835977,1012.6966778898728,7.1789285775629335,0
17.348193595103258,35.940960370153704,81.67941046963236,998.777450212071,1.313899748137681,1
23.03652178736631,11.833793798219643,70.35077821987761,993.7848990841117,3.0416025699769227,0
11.30123873156997,1.948494332300926,49.037730807543355,1023.7849022215273,9.565073166352871,0
21.01856620272098,4.528747263428067,91.02250519828237,1016.4960944009856,3.3316412143372904,0
14.588271800603671,2.5456977024680083,63.00352881458091,1005.7507316444304,7.506533109230308,0
18.76262941448808,6.006525260352307,46.7269386854781,1019.9811648871612,10.115207368533701,0
19.053425941477393,5.9979541141753865,69.36611265859455,1007.2157051547653,4.659478510523039,0
27.918520677393758,1.6732544167261179,81.35765231653033,999.1360812212246,6.94196241713469,0
20.508198411304292,4.141339944551262,68.49820897058129,1010.4647866920479,2.620061143939205,0
13.062385187865026,15.86146499588779,81.11979725361871,1021.9629754384314,2.181288254201613,0
26.933777244151614,6.586519811980861,59.67794406772616,1034.3263632402175,5.991831483356085,0
11.137951312193465,2.407142443012143,65.41551336389807,1017.791875770008,1.1311637279244233,0
21.29670497534556,31.952568828804626,82.78261271982858,1010.0491055856355,6.13390952433278,1
15.838494070952294,2.4844998359003743,73.47596413045589,1021.490280629983,2.0695247676182587,0
14.882204723504298,17.111038852106756,67.64348155015738,1008.223729623767,2.0842220846693467,0
9.276198061973492,14.424289663879042,54.170137621113106,1007.302602754249,9.077392764358112,0
14.346416099506754,0.6913260688752922,66.15018194946553,1004.9409705960763,2.3292665968281328,0
20.400318089520518,10.338523246861609,90.74791772994016,1005.2555300850552,8.95508243384733,0
19.59905817398089,12.228831640237605,84.10700511582144,1011.8663265651273,6.024972528488819,0
16.396080690740003,6.813033305476766,49.56934943717864,1013.9027847705954,3.5284377779358294,0
14.329449743806293,0.25966479746254423,46.69529434945089,1011.3904147711338,0.6483963404191874,0
11.35496181388276,7.066199338982759,58.865079806851426,1010.756267783904,11.033241724445844,0
20.352994567516795,10.523362465302377,87.48028573828174,1009.1865227296425,3.1873147489376925,0
15.993953967276612,1.3789871409098684,80.6439921907535,1012.6697758987166,10.995289204891163,0
23.425889240861586,27.778377863824048,70.02194282220685,1003.2634312839681,2.3497345468679236,0
24.152300238799878,3.2932414755506025,77.91221249541596,1027.6645724653756,0.7218414027041299,0
20.403406321101976,16.82368379395299,78.22106737073892,1011.2936767101081,2.0740096983675587,0
18.08187120965647,0.8971769581573246,55.19585895247665,1011.618394730426,2.2992420622486085,0
26.17191599323882,0.6810986628152087,88.88771982269807,1028.0508935045789,1.6486579410875277,0
16.67039962902224,5.973378718722708,78.35312083552219,1000.722317009043,13.453143150008442,0
18.50781211751804,4.692617484290407,67.07195819756248,1002.7394270336279,4.5839861392652095,0
27.679305128403023,0.5708259066885621,72.03783852349436,1018.4692558121268,0.416330294333485,0
15.141908042153668,19.34378576817266,89.09136304953074,994.2095988888207,0.8296065885316962,0
16.07909167146512,7.223355392368819,58.567998272288534,1023.5273989466109,5.33905614487125,0
20.071087924754174,9.384298156405574,58.89154332494414,985.056459992772,2.676623359830251,0
15.704841634105499,0.05737358753414059,78.72585047455759,998.6683150412794,11.041610775408397,0
20.88149826520255,19.593240220778643,106.9533539819839,1008.9109350486167,1.6072860053010838,0
21.468530562680925,3.927820439039074,93.76741562735589,1015.4607317180827,2.7261387453857866,0
15.671485826704627,8.605661962046776,51.54954886116971,1004.5713240524747,7.4615216098545485,0
11.361006632602844,23.4784758106603,65.67200648977305,1010.4919793781077,5.418742432423425,0
17.035230052001165,3.7257453963645375,52.95038674799143,997.2538870863982,5.699649322950201,0
20.54647661821004,2.5284601547152525,60.75893176995514,1007.1702372301925,6.059960071067389,0
23.263844698057927,8.143343522572241,63.36656611183766,1018.439710244056,3.70824713089885,0
6.985433233971406,22.205910401845337,66.69151089599029,1007.4087478936715,4.300846291581934,0
16.764884631813654,10.714667746624686,63.35022546421977,997.6118498187572,14.646338321834655,0
21.901008605930375,13.47648404251943,52.3869655641978,1017.063706972506,6.671484542706624,0
17.581277823090492,6.123501356750105,96.67403858956715,1016.4012487564162,4.484771708763116,0
16.37571036750727,3.5651172876734587,82.89446180282269,1021.4618190304944,4.767923158778288,0
24.36852673905595,18.91927785672588,86.36948434442901,1009.4186270550077,2.227101658962828,0
19.037443989260908,2.9729766918089613,76.68516860622886,1022.7512440466114,0.7419131951179094,0
30.36979390208358,8.946342009594865,65.07338894006779,1008.6410861447482,14.846051330934573,0
22.35777983144071,11.271846331101276,74.90755829316686,1011.9742304769259,5.63115232308152,0
6.8735204861161225,32.252039352263814,78.254002957314,1006.3851779442248,12.890231084808491,1
20.55267689225618,5.07296172077101,73.02607982194066,1010.7012493246484,0.21456760649778484,0
18.7832941615755,23.737893200734757,26.159368014144988,998.5611271517448,4.178932261164073,0
17.480937577985166,17.786096091698397,52.29309272151877,1018.4829817930487,14.519391308663355,0
21.241263281629344,9.377815464324122,73.68915578247757,1008.5771950320723,7.4652960648790545,0
26.721555573715555,25.811931921772512,79.95396802841144,1001.2254941883052,6.241856669332927,0
25.079375746323045,0.4111178935608501,48.89427203501582,992.939369194019,0.9126372964771073,0
23.538605479912242,44.39951785136702,78.49903222589089,1020.8909900284744,13.834621323281208,1
9.581471873170083,1.8277179574208295,84.42709708765929,1018.209819347379,0.465927639663661,0
19.387579294409452,0.3397363004302423,74.8028178238281,1011.1801596410791,3.800151338410677,0
7.502141787098456,3.115196223973369,66.50811999421829,1017.2733028490301,0.2331009202192724,0
19.464144217933416,5.246234146337959,41.79346683905378,1003.5085381524109,8.55083750636365,0
16.008970381403884,55.5844708177121,53.95331435336274,994.5958893604965,4.812164536696427,1
14.243272651983148,23.531367359658027,92.80137611486651,992.620775540342,5.2018030330838085,0
28.51022377918903,30.534429204172575,64.61300466554383,989.5544374706238,1.888162072286392,1
22.405310936903327,13.143276047071588,78.10884312718362,1013.3415762187316,2.2484860957835373,0
20.349867701659424,13.247272890813326,72.46753885065259,1007.7489459532017,3.799968242390481,0
22.857061788361797,10.261613994226389,50.57112068999319,1028.5747720929573,10.461834714519053,0
9.131404377053785,26.341047529605788,94.42941546821862,1011.8483976436038,2.8928755600860385,0
14.059761883834959,4.6372694459475925,79.85393599513132,1017.7597756640616,2.5469804060280836,0
20.572380352658747,5.941029214376155,76.22867851485091,1015.2917036694473,1.6994367306083178,0
23.917745512908024,8.282754874551195,52.53004977231408,1005.0500980109193,11.512089378810836,0
13.60180533638532,11.653113395814351,64.53564856161384,1030.2509108349195,2.1290539643553323,0
18.316160732565507,4.586004522190456,65.86240060155315,1021.9193123621508,1.8541574658566256,0
16.48623565019117,28.65560704980772,77.80898321663452,999.7505046886831,5.575310240874433,0
13.920452324257235,18.00589293118128,52.694405145544536,1002.5087892403898,3.8173820114148613,0
23.737832260723494,0.6366455249608309,68.9287753244102,995.3309405464809,0.44947985961245224,0
20.436090973152137,28.758832960657138,81.5096104390373,1013.601912781016,4.042931079188006,0
18.79115434826643,9.168374089297542,70.58213500682203,1011.3023908384954,0.1563521608561259,0
20.422956894196375,15.87579800048134,74.01213083347092,1027.636192077508,23.122677063142017,1
22.315438930026236,0.950385140690747,51.5649570925833,1019.489482228071,5.109511903457619,0
12.592933096303565,2.316126200250797,75.03770897080103,1000.5818497855267,1.5406544933337787,0
19.54063732168067,18.03299081612638,67.87277053496258,989.4628220438094,14.162996150710285,0
15.27019036442536,9.32566912036567,49.75525494669789,1013.7477975219281,12.353420610087717,0
19.19127416686174,14.989707923801717,54.82328236415749,1006.7193479580551,6.196059827534731,0
16.28121740244945,18.115160258669246,71.82191596299319,1005.7909906142506,5.5121036899035305,0
10.197902347615432,5.610997654770735,59.212832650191615,1009.0279632974022,2.5661721903220807,0
19.039302505335403,5.335777295081453,71.98896508039152,1027.118068675295,14.303560045958063,0
14.772240676525108,3.1069271866810357,90.88142866181775,1007.1847129013568,4.70411564410356,0
19.38991220109461,2.067121450529786,57.28789164152403,1041.4964801113454,10.445575388110637,0
23.528004076268466,6.208158660369469,56.027174070741026,1002.3632536399783,10.367371970223768,0
16.62052139279913,2.072371255973603,51.63396689429092,1008.5541128301395,2.162719949032158,0
25.70986173919317,4.48006768886076,72.6356341390685,1021.508766027274,6.326898523995531,0
19.69379081140183,0.2519051558847009,68.07402601123587,1018.2688921981671,1.6054144704441216,0
16.713445669076616,3.189408439305319,83.18101417071497,994.5572667890244,2.8842286594640036,0
20.6517145083529,11.214696642858321,74.56738302520218,1003.1631428497092,0.4713736141102101,0
15.700510786723774,8.28700594758445,53.98537355001137,1000.2221775532025,4.6347303738929275,0
20.823881321570752,3.0446811263976747,80.26729200329494,1002.6224475316711,6.139972032020962,0
8.247938991712966,8.859289789606454,78.37059507278525,991.1266304856491,6.559774217042439,0
12.56125662323166,10.916693213376046,68.14161455147199,1006.6652274990646,1.1011822605882577,0
10.899585084886443,7.951435518559645,76.56136728584401,1002.4945281099696,0.35171643706345646,0
18.111752774831828,6.252473091347705,55.20011458413835,1014.940400192124,3.0344833742332566,0
24.764710238853496,4.403338185303973,71.973894408428,1015.7170589303631,4.326473674646735,0
17.273252888430573,5.844524714917653,75.21096229652143,1002.4931901294834,4.171457307508733,0
20.571885683069283,3.7492084162791905,74.25067003602643,1007.4614092285493,2.5835710249551402,0
12.185305065735434,4.829927049656418,64.6387742774395,1006.6624139450936,15.141645366680406,0
22.530910786741497,29.245080120271133,65.90468173876108,1006.9955506226884,9.926990649687927,0
21.33532736364177,16.05774460874571,46.82415388890347,1011.3659151739839,4.455303523195243,0
19.14781307427981,14.661465102665447,92.83658364634817,1005.8091514801292,2.3245072677424394,0
22.08733563349186,5.4416232147976125,56.29812130551666,1017.3641374453601,2.8376369312990004,0
14.812717378411934,24.952567545719372,94.51827538115448,1006.6629875531096,3.1458635532574237,0
14.608326853322533,5.541354225572458,60.78784703129223,1015.859117572783,5.833855413873232,0
25.123594151585237,3.3174034074465446,60.90053759016793,1009.7528144337673,8.505913717122617,0
17.90340847864082,0.1102419690383469,71.52445080300137,1014.7308267199505,4.734771943088255,0
12.879086797761328,15.50531092656506,82.53374164509592,1002.1993404707489,5.82350439709419,0
20.49344956067772,1.593167777428315,40.862534635573454,1020.1899583168794,2.733916955761058,0
17.365990154475703,18.298770394739087,50.83873001828452,1013.7417254110882,4.350689792558521,0
5.395764967136326,1.2741350457097103,72.23213142519386,1002.6913437981627,0.5199686473385612,0
17.28757709214102,5.377113833060197,77.02356414545332,1007.8585612791054,2.355667779905069,0
18.9431554078399,12.17685287637414,94.12100870759093,1022.713334395851,2.2710112045433153,0
18.57726732811434,1.0559537551360383,49.19847683743471,1008.884663838065,4.935920403597181,0
17.853241489421528,17.00995552721205,75.92960878973996,991.0600640715778,13.326641571476108,0
35.720325054798906,22.06964677196806,59.64087187775015,1019.6874510879125,3.937381781494071,0
16.492368521153264,6.620615169138731,47.73341397709861,1007.1719000495746,9.894320465775646,0
17.74967320884751,1.9149794556122643,65.95737869911224,1010.6914981613654,2.5500171031762413,0
9.27733555696973,23.548064324955863,59.645856501441926,1006.361742744521,0.42336757986295803,0
20.561471552521294,9.865479578413247,88.75987964407406,998.1077601508762,0.1632345715248727,0
20.003208191699184,2.3872767453452575,58.178856191444936,1027.5113559741444,1.0085192212314527,0
15.112989038852806,9.412720195276039,56.06522025866042,1021.3219819172068,8.827451095336697,0
10.011901354157718,8.156366591864822,92.35206283149762,998.0404565994442,2.5769498718105313,0
19.372379007889045,4.207268604696156,91.40451106615615,1004.5843412338911,3.2940998696187935,0
17.291686840638782,5.373468534948004,74.53484350522412,1012.3330210656437,3.9596264440838187,0
25.273027695344318,0.5481545096311449,47.20316794972012,1003.2782480874995,36.5795412140664,1
21.486190231951564,11.277334279731264,64.78712586221712,1015.5594874995819,9.179681673612022,0
7.842243446263817,21.487341554928463,63.14597741297885,1000.3271888970538,2.041519519997095,0
18.536146442095763,19.297812921357583,62.50193448242452,1024.1783197288707,4.940282045190572,0
14.5024484278641,4.7104214510550495,76.50182856850947,1002.567282326411,9.640135946047803,0
25.66190191293811,1.171848000872121,76.30805058856104,1011.9888795535569,5.8554151283277545,0
24.061300288927068,35.544131999113205,65.86134681396953,1000.3623940162448,9.533787933033695,1
18.071436059419945,9.016598823408486,83.66416605759213,1018.3426275788954,0.6477604288220138,0
20.6092418601294,16.61096053523945,27.9427644496312,999.3677875920218,2.7573679587893123,0
21.408171118341944,7.945240255633386,70.21162534379687,1018.3327861710343,5.683577900671898,0
20.99077623732353,9.337479264270431,86.44176903113777,1011.9683139890193,8.619941439109112,0
10.384137679130761,20.384421652396348,62.02882898292363,1023.240877836121,1.5285758926721804,0
16.540605729826943,0.039370614877606014,55.81342530890083,1009.892574533492,7.019765932719637,0
15.854813759536672,0.9105616258054732,44.42821141314828,1019.3970749194559,0.8219440414087492,0
14.438990207073283,10.41739338762159,73.66574690795771,1015.6724684885752,8.330615143338232,0
16.52471905097179,22.494126615765392,63.057155714284306,1018.8955363107963,5.449750610787186,0
24.855705236710453,5.347777908242596,65.44768360752346,1029.9434494971986,11.500920656466603,0
11.729886737857417,20.619657376085655,55.01595435631613,1010.726273881794,0.700534761303764,0
25.199502781784055,2.4216261179700456,52.69799198220827,1025.6755222010493,9.053891683699677,0
24.288065562883254,4.330033385926238,61.99821331336149,1018.0664311672275,1.3655214838799639,0
16.85784039466821,2.3131833011711582,60.013001948473445,1020.6518318012364,0.19104350277632698,0
9.45386800398702,0.6741497650186069,75.87547024015709,988.6101110638626,2.7095944921750705,0
17.017435427869156,26.443254800000954,73.81610318119978,1014.8451313077277,10.800325111453121,0
